timestamp,ticker,cik,old_status,new_status,filing_date,form_type,reason
2026-03-22T00:19:49Z,ACN,1467373,registered,activating,2026-02-28,10-Q,New filing detected
2026-03-22T00:19:49Z,ACN,1467373,activating,failed_activation,,,ActivationResult.__init__() missing 2 required positional arguments: 'success' and 'new_status'
2026-03-22T00:20:35Z,FDX,1048911,registered,activating,2026-02-28,10-Q,New filing detected
2026-03-22T00:20:35Z,FDX,1048911,activating,failed_activation,,,ActivationResult.__init__() missing 2 required positional arguments: 'success' and 'new_status'
2026-03-22T00:20:39Z,GIS,40704,registered,activating,2026-02-22,10-Q,New filing detected
2026-03-22T00:20:39Z,GIS,40704,activating,failed_activation,,,ActivationResult.__init__() missing 2 required positional arguments: 'success' and 'new_status'
2026-03-22T00:21:01Z,MU,723125,registered,activating,2026-02-26,10-Q,New filing detected
2026-03-22T00:21:01Z,MU,723125,activating,failed_activation,,,ActivationResult.__init__() missing 2 required positional arguments: 'success' and 'new_status'
2026-03-22T00:21:13Z,ORCL,1341439,registered,activating,2026-02-28,10-Q,New filing detected
2026-03-22T00:21:13Z,ORCL,1341439,activating,failed_activation,,,ActivationResult.__init__() missing 2 required positional arguments: 'success' and 'new_status'
2026-03-25T01:27:08Z,ACN,1467373,registered,activating,2026-02-28,10-Q,New filing detected
2026-03-25T01:30:36Z,FDX,1048911,registered,activating,2026-02-28,10-Q,New filing detected
2026-03-25T01:32:45Z,MU,723125,registered,activating,2026-02-26,10-Q,New filing detected
2026-03-25T01:32:46Z,MU,723125,activating,active_needs_review,2026-02-26,10-Q,score=0.38
2026-03-25T01:33:32Z,ORCL,1341439,registered,activating,2026-02-28,10-Q,New filing detected
2026-03-25T01:46:31Z,ACN,1467373,registered,activating,2026-02-28,10-Q,New filing detected
2026-03-25T01:46:41Z,ACN,1467373,activating,active,2026-02-28,10-Q,score=0.76
2026-03-25T01:46:42Z,FDX,1048911,registered,activating,2026-02-28,10-Q,New filing detected
2026-03-25T01:46:51Z,FDX,1048911,activating,failed_activation,2026-02-28,10-Q,score=0.34
2026-03-25T01:46:53Z,ORCL,1341439,registered,activating,2026-02-28,10-Q,New filing detected
2026-03-25T01:47:05Z,ORCL,1341439,activating,active_needs_review,2026-02-28,10-Q,score=0.52
2026-03-25T01:52:45Z,FDX,1048911,registered,activating,2026-02-28,10-Q,New filing detected
2026-03-25T01:52:55Z,FDX,1048911,activating,failed_activation,2026-02-28,10-Q,score=0.34
2026-03-25T01:54:12Z,FDX,1048911,registered,activating,2026-02-28,10-Q,New filing detected
2026-03-25T01:54:27Z,FDX,1048911,activating,active,2026-02-28,10-Q,score=0.82
2026-03-25T02:08:36Z,ORCL,1341439,registered,activating,2026-02-28,10-Q,New filing detected
2026-03-25T02:08:45Z,ORCL,1341439,activating,active_needs_review,2026-02-28,10-Q,score=0.46
2026-03-25T02:12:46Z,ORCL,1341439,registered,activating,2026-02-28,10-Q,New filing detected
2026-03-25T02:12:56Z,ORCL,1341439,activating,active_needs_review,2026-02-28,10-Q,score=0.46
2026-03-25T02:14:26Z,ORCL,1341439,registered,activating,2026-02-28,10-Q,New filing detected
2026-03-25T02:14:36Z,ORCL,1341439,activating,active,2026-02-28,10-Q,score=0.76
2026-03-25T02:16:02Z,ORCL,1341439,registered,activating,2026-02-28,10-Q,New filing detected
2026-03-25T02:16:19Z,ORCL,1341439,activating,active_needs_review,2026-02-28,10-Q,score=0.44
2026-03-25T02:17:48Z,ORCL,1341439,registered,activating,2026-02-28,10-Q,New filing detected
2026-03-25T02:18:04Z,ORCL,1341439,activating,active_needs_review,2026-02-28,10-Q,score=0.44
2026-03-25T02:19:48Z,ORCL,1341439,registered,activating,2026-02-28,10-Q,New filing detected
2026-03-25T02:20:07Z,ORCL,1341439,activating,active_needs_review,2026-02-28,10-Q,score=0.44
2026-03-25T02:23:53Z,ORCL,1341439,registered,activating,2026-02-28,10-Q,New filing detected
2026-03-25T02:24:14Z,ORCL,1341439,activating,active,2026-02-28,10-Q,score=0.86
2026-03-28T06:53:20Z,ADBE,796343,registered,activating,2026-02-27,10-Q,New filing detected
2026-03-28T06:53:41Z,ADBE,796343,activating,active,2026-02-27,10-Q,score=0.82
2026-03-28T06:54:05Z,CCL,815097,registered,activating,2026-02-28,10-Q,New filing detected
2026-03-28T06:54:22Z,CCL,815097,activating,active,2026-02-28,10-Q,score=0.88
2026-03-28T06:55:51Z,PAYX,723531,registered,activating,2026-02-28,10-Q,New filing detected
2026-03-28T06:56:11Z,PAYX,723531,activating,active,2026-02-28,10-Q,score=0.82
2026-03-28T06:56:58Z,GIS,40704,failed_activation,activating,2026-02-22,10-Q,New filing detected
2026-03-28T06:57:21Z,GIS,40704,activating,active,2026-02-22,10-Q,score=0.70
2026-03-28T06:57:21Z,MU,723125,failed_activation,activating,2026-02-26,10-Q,New filing detected
2026-03-28T06:57:42Z,MU,723125,activating,active,2026-02-26,10-Q,score=0.68
2026-04-16T07:20:07Z,DAL,27904,registered,activating,2026-03-31,10-Q,New filing detected
2026-04-16T07:20:23Z,DAL,27904,activating,active,2026-03-31,10-Q,score=0.86
2026-04-20T07:52:11Z,FAST,815556,registered,activating,2026-03-31,10-Q,New filing detected
2026-04-20T07:52:40Z,FAST,815556,activating,active_needs_review,2026-03-31,10-Q,score=0.44
2026-04-20T07:53:12Z,NFLX,1065280,registered,activating,2026-03-31,10-Q,New filing detected
2026-04-20T07:53:31Z,NFLX,1065280,activating,active,2026-03-31,10-Q,score=0.82
2026-04-20T07:53:40Z,PEP,77476,registered,activating,2026-03-21,10-Q,New filing detected
2026-04-20T07:53:58Z,PEP,77476,activating,active,2026-03-21,10-Q,score=0.74
2026-04-24T07:49:09Z,MMM,66740,registered,activating,2026-03-31,10-Q,New filing detected
2026-04-24T07:49:25Z,MMM,66740,activating,active,2026-03-31,10-Q,score=0.86
2026-04-24T07:49:50Z,CNP,1130310,registered,activating,2026-03-31,10-Q,New filing detected
2026-04-24T07:50:21Z,CNP,1130310,activating,active,2026-03-31,10-Q,score=0.86
2026-04-24T07:50:28Z,CMCSA,1166691,registered,activating,2026-03-31,10-Q,New filing detected
2026-04-24T07:50:53Z,CMCSA,1166691,activating,active,2026-03-31,10-Q,score=0.82
2026-04-24T07:50:53Z,FIX,1035983,registered,activating,2026-03-31,10-Q,New filing detected
2026-04-24T07:51:11Z,FIX,1035983,activating,active,2026-03-31,10-Q,score=0.82
2026-04-24T07:51:16Z,CSX,277948,registered,activating,2026-03-31,10-Q,New filing detected
2026-04-24T07:51:35Z,CSX,277948,activating,active,2026-03-31,10-Q,score=0.82
2026-04-24T07:51:36Z,DHR,313616,registered,activating,2026-03-27,10-Q,New filing detected
2026-04-24T07:51:50Z,DHR,313616,activating,active_needs_review,2026-03-27,10-Q,score=0.44
2026-04-24T07:51:56Z,DOV,29905,registered,activating,2026-03-31,10-Q,New filing detected
2026-04-24T07:52:20Z,DOV,29905,activating,active,2026-03-31,10-Q,score=0.74
2026-04-24T07:52:20Z,DHI,882184,registered,activating,2026-03-31,10-Q,New filing detected
2026-04-24T07:52:40Z,DHI,882184,activating,active,2026-03-31,10-Q,score=0.82
2026-04-24T07:52:45Z,ELV,1156039,registered,activating,2026-03-31,10-Q,New filing detected
2026-04-24T07:53:03Z,ELV,1156039,activating,active,2026-03-31,10-Q,score=0.82
2026-04-24T07:53:05Z,EQT,33213,registered,activating,2026-03-31,10-Q,New filing detected
2026-04-24T07:53:27Z,EQT,33213,activating,active,2026-03-31,10-Q,score=0.86
2026-04-27T08:05:56Z,BKR,1701605,registered,activating,2026-03-31,10-Q,New filing detected
2026-04-27T08:06:17Z,BKR,1701605,activating,active,2026-03-31,10-Q,score=0.92
2026-04-27T08:06:25Z,CHTR,1091667,registered,activating,2026-03-31,10-Q,New filing detected
2026-04-27T08:06:36Z,CHTR,1091667,activating,active,2026-03-31,10-Q,score=0.82
2026-04-27T08:06:49Z,DOW,1751788,registered,activating,2026-03-31,10-Q,New filing detected
2026-04-27T08:07:14Z,DOW,1751788,activating,active,2026-03-31,10-Q,score=0.74
2026-04-27T08:07:28Z,HAL,45012,registered,activating,2026-03-31,10-Q,New filing detected
2026-04-27T08:07:42Z,HAL,45012,activating,active_needs_review,2026-03-31,10-Q,score=0.50
2026-04-27T08:07:51Z,JBHT,728535,registered,activating,2026-03-31,10-Q,New filing detected
2026-04-27T08:08:05Z,JBHT,728535,activating,active,2026-03-31,10-Q,score=0.82
2026-04-27T08:08:08Z,KMI,1506307,registered,activating,2026-03-31,10-Q,New filing detected
2026-04-27T08:08:30Z,KMI,1506307,activating,active,2026-03-31,10-Q,score=0.86
2026-04-27T08:08:32Z,LVS,1300514,registered,activating,2026-03-31,10-Q,New filing detected
2026-04-27T08:08:48Z,LVS,1300514,activating,active,2026-03-31,10-Q,score=0.68
2026-04-27T08:09:00Z,NSC,702165,registered,activating,2026-03-31,10-Q,New filing detected
2026-04-27T08:09:10Z,NSC,702165,activating,active,2026-03-31,10-Q,score=0.62
2026-04-27T08:09:19Z,PG,80424,registered,activating,2026-03-31,10-Q,New filing detected
2026-04-27T08:09:29Z,PG,80424,activating,active,2026-03-31,10-Q,score=0.62
2026-04-27T08:09:43Z,TDY,1094285,registered,activating,2026-03-29,10-Q,New filing detected
2026-04-27T08:10:02Z,TDY,1094285,activating,active_needs_review,2026-03-29,10-Q,score=0.44
2026-05-01T08:02:30Z,KO,21344,registered,activating,2026-04-03,10-Q,New filing detected
2026-05-01T08:02:52Z,KO,21344,activating,active,2026-04-03,10-Q,score=0.86
2026-05-01T08:03:07Z,FTV,1659166,registered,activating,2026-04-03,10-Q,New filing detected
2026-05-01T08:03:16Z,FTV,1659166,activating,active_needs_review,2026-04-03,10-Q,score=0.58
2026-05-01T08:03:18Z,GD,40533,registered,activating,2026-04-05,10-Q,New filing detected
2026-05-01T08:03:31Z,GD,40533,activating,active,2026-04-05,10-Q,score=0.82
2026-05-01T08:03:42Z,LHX,202058,registered,activating,2026-04-03,10-Q,New filing detected
2026-05-01T08:03:57Z,LHX,202058,activating,active,2026-04-03,10-Q,score=0.82
2026-05-01T08:04:19Z,STX,1137789,registered,activating,2026-04-03,10-Q,New filing detected
2026-05-01T08:04:35Z,STX,1137789,activating,active,2026-04-03,10-Q,score=0.86
2026-05-01T08:04:37Z,SWK,93556,registered,activating,2026-04-04,10-Q,New filing detected
2026-05-01T08:04:48Z,SWK,93556,activating,active_needs_review,2026-04-04,10-Q,score=0.52
2026-05-01T08:04:52Z,TXT,217346,registered,activating,2026-04-04,10-Q,New filing detected
2026-05-01T08:05:15Z,TXT,217346,activating,active_needs_review,2026-04-04,10-Q,score=0.44
2026-05-01T08:05:19Z,VLTO,1967680,registered,activating,2026-04-03,10-Q,New filing detected
2026-05-01T08:05:32Z,VLTO,1967680,activating,active_needs_review,2026-04-03,10-Q,score=0.40
2026-05-22T08:49:11Z,AOS,91142,registered,activating,2026-03-31,10-Q,New filing detected
2026-05-22T08:49:26Z,AOS,91142,activating,failed_activation,2026-03-31,10-Q,score=0.34
2026-05-22T08:49:27Z,ABT,1800,registered,activating,2026-03-31,10-Q,New filing detected
2026-05-22T08:49:56Z,ABT,1800,activating,active_needs_review,2026-03-31,10-Q,score=0.50
2026-05-22T08:49:57Z,ABBV,1551152,registered,activating,2026-03-31,10-Q,New filing detected
2026-05-22T08:50:15Z,ABBV,1551152,activating,active,2026-03-31,10-Q,score=0.82
2026-05-22T08:50:15Z,AMD,2488,registered,activating,2026-03-28,10-Q,New filing detected
2026-05-22T08:50:37Z,AMD,2488,activating,active_needs_review,2026-03-28,10-Q,score=0.44
2026-05-22T08:50:37Z,AES,874761,registered,activating,2026-03-31,10-Q,New filing detected
2026-05-22T08:50:58Z,AES,874761,activating,active_needs_review,2026-03-31,10-Q,score=0.44
2026-05-22T08:50:58Z,A,1090872,registered,activating,2026-01-31,10-Q,New filing detected
2026-05-22T08:51:18Z,A,1090872,activating,active,2026-01-31,10-Q,score=0.82
2026-05-22T08:51:19Z,APD,2969,registered,activating,2026-03-31,10-Q,New filing detected
2026-05-22T08:51:40Z,APD,2969,activating,active_needs_review,2026-03-31,10-Q,score=0.40
2026-05-22T08:51:40Z,ABNB,1559720,registered,activating,2026-03-31,10-Q,New filing detected
2026-05-22T08:52:03Z,ABNB,1559720,activating,active_needs_review,2026-03-31,10-Q,score=0.44
2026-05-22T08:52:04Z,AKAM,1086222,registered,activating,2026-03-31,10-Q,New filing detected
2026-05-22T08:52:21Z,AKAM,1086222,activating,active,2026-03-31,10-Q,score=0.82
2026-05-22T08:52:22Z,ALB,915913,registered,activating,2026-03-31,10-Q,New filing detected
2026-05-22T08:52:41Z,ALB,915913,activating,active_needs_review,2026-03-31,10-Q,score=0.40
2026-05-22T08:52:41Z,ALGN,1097149,registered,activating,2026-03-31,10-Q,New filing detected
2026-05-22T08:53:09Z,ALGN,1097149,activating,active,2026-03-31,10-Q,score=0.74
2026-05-22T08:53:09Z,ALLE,1579241,registered,activating,2026-03-31,10-Q,New filing detected
2026-05-22T08:53:34Z,ALLE,1579241,activating,active,2026-03-31,10-Q,score=0.70
2026-05-22T08:53:34Z,LNT,352541,registered,activating,2026-03-31,10-Q,New filing detected
2026-05-22T08:53:50Z,LNT,352541,activating,active_needs_review,2026-03-31,10-Q,score=0.40
2026-05-22T08:53:50Z,GOOGL,1652044,registered,activating,2026-03-31,10-Q,New filing detected
2026-05-22T08:54:17Z,GOOGL,1652044,activating,active_needs_review,2026-03-31,10-Q,score=0.50
2026-05-22T08:54:17Z,MO,764180,registered,activating,2026-03-31,10-Q,New filing detected
2026-05-22T08:54:32Z,MO,764180,activating,active_needs_review,2026-03-31,10-Q,score=0.44
2026-05-22T08:54:33Z,AMZN,1018724,registered,activating,2026-03-31,10-Q,New filing detected
2026-05-22T08:54:58Z,AMZN,1018724,activating,active,2026-03-31,10-Q,score=0.74
2026-05-22T08:54:58Z,AMCR,1748790,registered,activating,2026-03-31,10-Q,New filing detected
2026-05-22T08:55:19Z,AMCR,1748790,activating,active_needs_review,2026-03-31,10-Q,score=0.44
2026-05-22T08:55:19Z,AEE,1002910,registered,activating,2026-03-31,10-Q,New filing detected
2026-05-22T08:55:38Z,AEE,1002910,activating,active,2026-03-31,10-Q,score=0.68
2026-05-22T08:55:39Z,AEP,4904,registered,activating,2026-03-31,10-Q,New filing detected
2026-05-22T08:56:14Z,AEP,4904,activating,active,2026-03-31,10-Q,score=0.86
2026-05-22T08:56:14Z,AWK,1410636,registered,activating,2026-03-31,10-Q,New filing detected
2026-05-22T08:56:34Z,AWK,1410636,activating,active,2026-03-31,10-Q,score=0.86
2026-05-22T08:56:34Z,AME,1037868,registered,activating,2026-03-31,10-Q,New filing detected
2026-05-22T08:56:46Z,AME,1037868,activating,active,2026-03-31,10-Q,score=0.64
2026-05-22T08:56:47Z,AMGN,318154,registered,activating,2026-03-31,10-Q,New filing detected
2026-05-22T08:57:11Z,AMGN,318154,activating,active,2026-03-31,10-Q,score=0.82
2026-05-22T08:57:11Z,APH,820313,registered,activating,2026-03-31,10-Q,New filing detected
2026-05-22T08:57:31Z,APH,820313,activating,active,2026-03-31,10-Q,score=0.86
2026-05-22T08:57:32Z,ADI,6281,registered,activating,2026-05-02,10-Q,New filing detected
2026-05-22T08:57:51Z,ADI,6281,activating,active,2026-05-02,10-Q,score=0.82
2026-05-22T08:57:52Z,APA,1841666,registered,activating,2026-03-31,10-Q,New filing detected
2026-05-22T08:58:17Z,APA,1841666,activating,active,2026-03-31,10-Q,score=0.86
2026-05-22T08:58:17Z,AAPL,320193,registered,activating,2026-03-28,10-Q,New filing detected
2026-05-22T08:58:42Z,AAPL,320193,activating,active,2026-03-28,10-Q,score=1.00
2026-05-22T08:58:42Z,AMAT,6951,registered,activating,2026-04-26,10-Q,New filing detected
2026-05-22T08:58:58Z,AMAT,6951,activating,active,2026-04-26,10-Q,score=0.82
2026-05-22T08:58:58Z,APP,1751008,registered,activating,2026-03-31,10-Q,New filing detected
2026-05-22T08:59:19Z,APP,1751008,activating,active,2026-03-31,10-Q,score=0.92
2026-05-22T08:59:20Z,APTV,1521332,registered,activating,2026-03-31,10-Q,New filing detected
2026-05-22T08:59:40Z,APTV,1521332,activating,active,2026-03-31,10-Q,score=0.86
2026-05-22T08:59:41Z,ADM,7084,registered,activating,2026-03-31,10-Q,New filing detected
2026-05-22T09:00:00Z,ADM,7084,activating,active,2026-03-31,10-Q,score=0.68
2026-05-22T09:00:00Z,ANET,1596532,registered,activating,2026-03-31,10-Q,New filing detected
2026-05-22T09:00:15Z,ANET,1596532,activating,active,2026-03-31,10-Q,score=0.86
2026-05-22T09:00:16Z,T,732717,registered,activating,2026-03-31,10-Q,New filing detected
2026-05-22T09:00:34Z,T,732717,activating,active,2026-03-31,10-Q,score=0.86
2026-05-22T09:00:34Z,ATO,731802,registered,activating,2026-03-31,10-Q,New filing detected
2026-05-22T09:00:52Z,ATO,731802,activating,active,2026-03-31,10-Q,score=0.82
2026-05-22T09:00:52Z,ADSK,769397,registered,activating,2026-01-31,10-K,New filing detected
2026-05-22T09:01:08Z,ADSK,769397,activating,active,2026-01-31,10-K,score=0.82
2026-05-22T09:01:09Z,ADP,8670,registered,activating,2026-03-31,10-Q,New filing detected
2026-05-22T09:01:19Z,ADP,8670,activating,active_needs_review,2026-03-31,10-Q,score=0.58
2026-05-22T09:01:19Z,AZO,866787,registered,activating,2026-02-14,10-Q,New filing detected
2026-05-22T09:01:37Z,AZO,866787,activating,active,2026-02-14,10-Q,score=0.82
2026-05-22T09:01:38Z,AVY,8818,registered,activating,2026-03-31,10-Q,New filing detected
2026-05-22T09:01:58Z,AVY,8818,activating,active_needs_review,2026-03-31,10-Q,score=0.46
2026-05-22T09:01:58Z,AXON,1069183,registered,activating,2026-03-31,10-Q,New filing detected
2026-05-22T09:02:15Z,AXON,1069183,activating,active,2026-03-31,10-Q,score=0.86
2026-05-22T09:02:15Z,BALL,9389,registered,activating,2026-03-31,10-Q,New filing detected
2026-05-22T09:02:37Z,BALL,9389,activating,active,2026-03-31,10-Q,score=0.86
2026-05-22T09:02:37Z,BAX,10456,registered,activating,2026-03-31,10-Q,New filing detected
2026-05-22T09:02:48Z,BAX,10456,activating,active,2026-03-31,10-Q,score=0.62
2026-05-22T09:02:49Z,BDX,10795,registered,activating,2026-03-31,10-Q,New filing detected
2026-05-22T09:03:07Z,BDX,10795,activating,active_needs_review,2026-03-31,10-Q,score=0.38
2026-05-22T09:03:07Z,BBY,764478,registered,activating,2026-01-31,10-K,New filing detected
2026-05-22T09:03:17Z,BBY,764478,activating,active,2026-01-31,10-K,score=0.64
2026-05-22T09:03:18Z,TECH,842023,registered,activating,2026-03-31,10-Q,New filing detected
2026-05-22T09:03:39Z,TECH,842023,activating,active,2026-03-31,10-Q,score=0.86
2026-05-22T09:03:39Z,BIIB,875045,registered,activating,2026-03-31,10-Q,New filing detected
2026-05-22T09:03:59Z,BIIB,875045,activating,active,2026-03-31,10-Q,score=0.82
2026-05-22T09:03:59Z,BKNG,1075531,registered,activating,2026-03-31,10-Q,New filing detected
2026-05-22T09:04:18Z,BKNG,1075531,activating,active,2026-03-31,10-Q,score=0.82
2026-05-22T09:04:18Z,BSX,885725,registered,activating,2026-03-31,10-Q,New filing detected
2026-05-22T09:04:35Z,BSX,885725,activating,active,2026-03-31,10-Q,score=0.82
2026-05-22T09:04:35Z,BMY,14272,registered,activating,2026-03-31,10-Q,New filing detected
2026-05-22T09:04:54Z,BMY,14272,activating,active,2026-03-31,10-Q,score=0.74
2026-05-22T09:04:54Z,AVGO,1730168,registered,activating,2026-02-01,10-Q,New filing detected
2026-05-22T09:05:07Z,AVGO,1730168,activating,active,2026-02-01,10-Q,score=0.82
2026-05-22T09:05:07Z,BR,1383312,registered,activating,2026-03-31,10-Q,New filing detected
2026-05-22T09:05:24Z,BR,1383312,activating,active,2026-03-31,10-Q,score=0.82
2026-05-22T09:05:24Z,BF.B,14693,registered,activating,2026-01-31,10-Q,New filing detected
2026-05-22T09:05:39Z,BF.B,14693,activating,active,2026-01-31,10-Q,score=0.82
2026-05-25T09:49:24Z,BLDR,1316835,registered,activating,2026-03-31,10-Q,New filing detected
2026-05-25T09:49:38Z,BLDR,1316835,activating,active,2026-03-31,10-Q,score=0.82
2026-05-25T09:49:38Z,BG,1996862,registered,activating,2026-03-31,10-Q,New filing detected
2026-05-25T09:50:04Z,BG,1996862,activating,active,2026-03-31,10-Q,score=0.68
2026-05-25T09:50:04Z,CHRW,1043277,registered,activating,2026-03-31,10-Q,New filing detected
2026-05-25T09:50:23Z,CHRW,1043277,activating,active,2026-03-31,10-Q,score=0.82
2026-05-25T09:50:23Z,CDNS,813672,registered,activating,2026-03-31,10-Q,New filing detected
2026-05-25T09:50:45Z,CDNS,813672,activating,active,2026-03-31,10-Q,score=0.82
2026-05-25T09:50:45Z,CPB,16732,registered,activating,2026-02-01,10-Q,New filing detected
2026-05-25T09:50:52Z,CPB,16732,activating,active_needs_review,2026-02-01,10-Q,score=0.38
2026-05-25T09:50:52Z,CAH,721371,registered,activating,2026-03-31,10-Q,New filing detected
2026-05-25T09:51:20Z,CAH,721371,activating,active,2026-03-31,10-Q,score=0.82
2026-05-25T09:51:20Z,CARR,1783180,registered,activating,2026-03-31,10-Q,New filing detected
2026-05-25T09:51:34Z,CARR,1783180,activating,active,2026-03-31,10-Q,score=0.86
2026-05-25T09:51:34Z,CVNA,1690820,registered,activating,2026-03-31,10-Q,New filing detected
2026-05-25T09:51:44Z,CVNA,1690820,activating,active,2026-03-31,10-Q,score=0.86
2026-05-25T09:51:45Z,CAT,18230,registered,activating,2026-03-31,10-Q,New filing detected
2026-05-25T09:51:59Z,CAT,18230,activating,active,2026-03-31,10-Q,score=0.82
2026-05-25T09:51:59Z,CDW,1402057,registered,activating,2026-03-31,10-Q,New filing detected
2026-05-25T09:52:07Z,CDW,1402057,activating,failed_activation,2026-03-31,10-Q,score=0.34
2026-05-25T09:52:07Z,COR,1140859,registered,activating,2026-03-31,10-Q,New filing detected
2026-05-25T09:52:17Z,COR,1140859,activating,active,2026-03-31,10-Q,score=0.68
2026-05-25T09:52:18Z,CNC,1071739,registered,activating,2026-03-31,10-Q,New filing detected
2026-05-25T09:52:37Z,CNC,1071739,activating,active,2026-03-31,10-Q,score=0.86
2026-05-25T09:52:37Z,CF,1324404,registered,activating,2026-03-31,10-Q,New filing detected
2026-05-25T09:52:55Z,CF,1324404,activating,active,2026-03-31,10-Q,score=0.86
2026-05-25T09:52:55Z,CRL,1100682,registered,activating,2026-03-28,10-Q,New filing detected
2026-05-25T09:53:11Z,CRL,1100682,activating,active,2026-03-28,10-Q,score=0.68
2026-05-25T09:53:11Z,CVX,93410,registered,activating,2026-03-31,10-Q,New filing detected
2026-05-25T09:53:24Z,CVX,93410,activating,active,2026-03-31,10-Q,score=0.68
2026-05-25T09:53:24Z,CMG,1058090,registered,activating,2026-03-31,10-Q,New filing detected
2026-05-25T09:53:28Z,CMG,1058090,activating,failed_activation,2026-03-31,10-Q,score=0.20
2026-05-25T09:53:29Z,CHD,313927,registered,activating,2026-03-31,10-Q,New filing detected
2026-05-25T09:53:48Z,CHD,313927,activating,active_needs_review,2026-03-31,10-Q,score=0.58
2026-05-25T09:53:48Z,CI,1739940,registered,activating,2026-03-31,10-Q,New filing detected
2026-05-25T09:54:00Z,CI,1739940,activating,active,2026-03-31,10-Q,score=0.62
2026-05-25T09:54:00Z,CTAS,723254,registered,activating,2026-02-28,10-Q,New filing detected
2026-05-25T09:54:13Z,CTAS,723254,activating,active,2026-02-28,10-Q,score=0.68
2026-05-25T09:54:13Z,CSCO,858877,registered,activating,2026-04-25,10-Q,New filing detected
2026-05-25T09:54:39Z,CSCO,858877,activating,active,2026-04-25,10-Q,score=0.86
2026-05-25T09:54:39Z,CLX,21076,registered,activating,2026-03-31,10-Q,New filing detected
2026-05-25T09:54:47Z,CLX,21076,activating,active_needs_review,2026-03-31,10-Q,score=0.58
2026-05-25T09:54:48Z,CMS,811156,registered,activating,2026-03-31,10-Q,New filing detected
2026-05-25T09:55:01Z,CMS,811156,activating,active,2026-03-31,10-Q,score=0.64
2026-05-25T09:55:01Z,CTSH,1058290,registered,activating,2026-03-31,10-Q,New filing detected
2026-05-25T09:55:23Z,CTSH,1058290,activating,active,2026-03-31,10-Q,score=0.68
2026-05-25T09:55:24Z,CL,21665,registered,activating,2026-03-31,10-Q,New filing detected
2026-05-25T09:55:33Z,CL,21665,activating,active_needs_review,2026-03-31,10-Q,score=0.58
2026-05-25T09:55:34Z,CAG,23217,registered,activating,2026-02-22,10-Q,New filing detected
2026-05-25T09:55:50Z,CAG,23217,activating,active,2026-02-22,10-Q,score=0.82
2026-05-25T09:55:50Z,COP,1163165,registered,activating,2026-03-31,10-Q,New filing detected
2026-05-25T09:56:13Z,COP,1163165,activating,active,2026-03-31,10-Q,score=0.68
2026-05-25T09:56:13Z,ED,1047862,registered,activating,2026-03-31,10-Q,New filing detected
2026-05-25T09:56:27Z,ED,1047862,activating,active,2026-03-31,10-Q,score=0.64
2026-05-25T09:56:27Z,STZ,16918,registered,activating,2026-02-28,10-K,New filing detected
2026-05-25T09:56:47Z,STZ,16918,activating,active,2026-02-28,10-K,score=0.86
2026-05-25T09:56:48Z,CEG,1868275,registered,activating,2026-03-31,10-Q,New filing detected
2026-05-25T09:57:16Z,CEG,1868275,activating,active,2026-03-31,10-Q,score=0.86
2026-05-25T09:57:16Z,COO,711404,registered,activating,2026-01-31,10-Q,New filing detected
2026-05-25T09:57:21Z,COO,711404,activating,failed_activation,2026-01-31,10-Q,score=0.20
2026-05-25T09:57:21Z,CPRT,900075,registered,activating,2026-01-31,10-Q,New filing detected
2026-05-25T09:57:40Z,CPRT,900075,activating,active,2026-01-31,10-Q,score=0.86
2026-05-25T09:57:41Z,GLW,24741,registered,activating,2026-03-31,10-Q,New filing detected
2026-05-25T09:57:57Z,GLW,24741,activating,active,2026-03-31,10-Q,score=0.82
2026-05-25T09:57:58Z,CTVA,1755672,registered,activating,2026-03-31,10-Q,New filing detected
2026-05-25T09:58:18Z,CTVA,1755672,activating,active,2026-03-31,10-Q,score=0.74
2026-05-25T09:58:18Z,COST,909832,registered,activating,2026-02-15,10-Q,New filing detected
2026-05-25T09:58:30Z,COST,909832,activating,active,2026-02-15,10-Q,score=0.68
2026-05-25T09:58:30Z,CTRA,858470,registered,activating,2026-03-31,10-Q,New filing detected
2026-05-25T09:58:42Z,CTRA,858470,activating,active,2026-03-31,10-Q,score=0.82
2026-05-25T09:58:42Z,CRWD,1535527,registered,activating,2026-01-31,10-K,New filing detected
2026-05-25T09:58:59Z,CRWD,1535527,activating,active,2026-01-31,10-K,score=0.82
2026-05-25T09:58:59Z,CMI,26172,registered,activating,2026-03-31,10-Q,New filing detected
2026-05-25T09:59:20Z,CMI,26172,activating,active_needs_review,2026-03-31,10-Q,score=0.40
2026-05-25T09:59:21Z,CVS,64803,registered,activating,2026-03-31,10-Q,New filing detected
2026-05-25T09:59:37Z,CVS,64803,activating,active,2026-03-31,10-Q,score=0.82
2026-05-25T09:59:38Z,DRI,940944,registered,activating,2026-02-22,10-Q,New filing detected
2026-05-25T09:59:55Z,DRI,940944,activating,active_needs_review,2026-02-22,10-Q,score=0.40
2026-05-25T09:59:55Z,DDOG,1561550,registered,activating,2026-03-31,10-Q,New filing detected
2026-05-25T10:00:11Z,DDOG,1561550,activating,active,2026-03-31,10-Q,score=0.82
2026-05-25T10:00:11Z,DVA,927066,registered,activating,2026-03-31,10-Q,New filing detected
2026-05-25T10:00:33Z,DVA,927066,activating,active,2026-03-31,10-Q,score=0.82
2026-05-25T10:00:33Z,DECK,910521,registered,activating,2026-03-31,10-K,New filing detected
2026-05-25T10:01:03Z,DECK,910521,activating,active,2026-03-31,10-K,score=0.68
2026-05-25T10:01:04Z,DE,315189,registered,activating,2026-02-01,10-Q,New filing detected
2026-05-25T10:01:24Z,DE,315189,activating,active,2026-02-01,10-Q,score=0.64
2026-05-25T10:01:24Z,DELL,1571996,registered,activating,2026-01-30,10-K,New filing detected
2026-05-25T10:01:45Z,DELL,1571996,activating,active,2026-01-30,10-K,score=0.68
2026-05-25T10:01:45Z,DVN,1090012,registered,activating,2026-03-31,10-Q,New filing detected
2026-05-25T10:01:59Z,DVN,1090012,activating,active,2026-03-31,10-Q,score=0.68
2026-05-25T10:02:00Z,DXCM,1093557,registered,activating,2026-03-31,10-Q,New filing detected
2026-05-25T10:02:13Z,DXCM,1093557,activating,active,2026-03-31,10-Q,score=0.82
2026-05-25T10:02:13Z,FANG,1539838,registered,activating,2026-03-31,10-Q,New filing detected
2026-05-25T10:02:30Z,FANG,1539838,activating,active,2026-03-31,10-Q,score=0.68
2026-05-25T10:02:30Z,DG,29534,registered,activating,2026-01-30,10-K,New filing detected
2026-05-25T10:02:46Z,DG,29534,activating,active,2026-01-30,10-K,score=0.82
2026-05-25T10:02:47Z,DLTR,935703,registered,activating,2026-01-31,10-K,New filing detected
2026-05-25T10:02:59Z,DLTR,935703,activating,active,2026-01-31,10-K,score=0.86
2026-05-25T10:03:00Z,D,715957,registered,activating,2026-03-31,10-Q,New filing detected
2026-05-25T10:03:30Z,D,715957,activating,active,2026-03-31,10-Q,score=0.68
2026-05-29T09:36:14Z,DPZ,1286681,registered,activating,2026-03-22,10-Q,New filing detected
2026-05-29T09:36:27Z,DPZ,1286681,activating,active,2026-03-22,10-Q,score=0.82
2026-05-29T09:36:27Z,DASH,1792789,registered,activating,2026-03-31,10-Q,New filing detected
2026-05-29T09:36:40Z,DASH,1792789,activating,active,2026-03-31,10-Q,score=0.82
2026-05-29T09:36:40Z,DTE,936340,registered,activating,2026-03-31,10-Q,New filing detected
2026-05-29T09:37:10Z,DTE,936340,activating,active,2026-03-31,10-Q,score=0.86
2026-05-29T09:37:10Z,DUK,1326160,registered,activating,2026-03-31,10-Q,New filing detected
2026-05-29T09:37:28Z,DUK,1326160,activating,active_needs_review,2026-03-31,10-Q,score=0.44
2026-05-29T09:37:28Z,DD,1666700,registered,activating,2026-03-31,10-Q,New filing detected
2026-05-29T09:37:57Z,DD,1666700,activating,active,2026-03-31,10-Q,score=0.92
2026-05-29T09:37:57Z,ETN,1551182,registered,activating,2026-03-31,10-Q,New filing detected
2026-05-29T09:38:12Z,ETN,1551182,activating,active_needs_review,2026-03-31,10-Q,score=0.44
2026-05-29T09:38:12Z,EBAY,1065088,registered,activating,2026-03-31,10-Q,New filing detected
2026-05-29T09:38:32Z,EBAY,1065088,activating,active,2026-03-31,10-Q,score=0.86
2026-05-29T09:38:33Z,ECL,31462,registered,activating,2026-03-31,10-Q,New filing detected
2026-05-29T09:38:44Z,ECL,31462,activating,active,2026-03-31,10-Q,score=0.64
2026-05-29T09:38:44Z,EIX,827052,registered,activating,2026-03-31,10-Q,New filing detected
2026-05-29T09:39:02Z,EIX,827052,activating,active_needs_review,2026-03-31,10-Q,score=0.44
2026-05-29T09:39:02Z,EW,1099800,registered,activating,2026-03-31,10-Q,New filing detected
2026-05-29T09:39:16Z,EW,1099800,activating,active,2026-03-31,10-Q,score=0.86
2026-05-29T09:39:17Z,EA,712515,registered,activating,2026-03-31,10-K,New filing detected
2026-05-29T09:39:35Z,EA,712515,activating,active,2026-03-31,10-K,score=0.68
2026-05-29T09:39:35Z,EME,1053507,registered,activating,2026-03-31,10-Q,New filing detected
2026-05-29T09:40:00Z,EME,1053507,activating,active,2026-03-31,10-Q,score=0.82
2026-05-29T09:40:01Z,EMR,32604,registered,activating,2026-03-31,10-Q,New filing detected
2026-05-29T09:40:11Z,EMR,32604,activating,active,2026-03-31,10-Q,score=0.62
2026-05-29T09:40:12Z,ETR,65984,registered,activating,2026-03-31,10-Q,New filing detected
2026-05-29T09:40:26Z,ETR,65984,activating,active,2026-03-31,10-Q,score=0.62
2026-05-29T09:40:26Z,EOG,821189,registered,activating,2026-03-31,10-Q,New filing detected
2026-05-29T09:40:41Z,EOG,821189,activating,active,2026-03-31,10-Q,score=0.86
2026-05-29T09:40:41Z,EPAM,1352010,registered,activating,2026-03-31,10-Q,New filing detected
2026-05-29T09:41:02Z,EPAM,1352010,activating,active,2026-03-31,10-Q,score=0.82
2026-05-29T09:41:03Z,EFX,33185,registered,activating,2026-03-31,10-Q,New filing detected
2026-05-29T09:41:24Z,EFX,33185,activating,active,2026-03-31,10-Q,score=0.82
2026-05-29T09:41:25Z,EL,1001250,registered,activating,2026-03-31,10-Q,New filing detected
2026-05-29T09:41:37Z,EL,1001250,activating,active,2026-03-31,10-Q,score=0.68
2026-05-29T09:41:37Z,EVRG,1711269,registered,activating,2026-03-31,10-Q,New filing detected
2026-05-29T09:41:57Z,EVRG,1711269,activating,active,2026-03-31,10-Q,score=0.82
2026-05-29T09:41:58Z,ES,72741,registered,activating,2026-03-31,10-Q,New filing detected
2026-05-29T09:42:14Z,ES,72741,activating,active,2026-03-31,10-Q,score=0.82
2026-05-29T09:42:15Z,EXC,1109357,registered,activating,2026-03-31,10-Q,New filing detected
2026-05-29T09:42:40Z,EXC,1109357,activating,active,2026-03-31,10-Q,score=0.94
2026-05-29T09:42:40Z,EXE,895126,registered,activating,2026-03-31,10-Q,New filing detected
2026-05-29T09:42:57Z,EXE,895126,activating,active,2026-03-31,10-Q,score=0.86
2026-05-29T09:42:58Z,EXPE,1324424,registered,activating,2026-03-31,10-Q,New filing detected
2026-05-29T09:43:33Z,EXPE,1324424,activating,active,2026-03-31,10-Q,score=0.82
2026-05-29T09:43:33Z,EXPD,746515,registered,activating,2026-03-31,10-Q,New filing detected
2026-05-29T09:43:43Z,EXPD,746515,activating,active,2026-03-31,10-Q,score=0.76
2026-05-29T09:43:43Z,XOM,34088,registered,activating,2026-03-31,10-Q,New filing detected
2026-05-29T09:44:02Z,XOM,34088,activating,active_needs_review,2026-03-31,10-Q,score=0.50
2026-05-29T09:44:02Z,FFIV,1048695,registered,activating,2026-03-31,10-Q,New filing detected
2026-05-29T09:44:06Z,FFIV,1048695,activating,failed_activation,2026-03-31,10-Q,score=0.14
2026-05-29T09:44:07Z,FICO,814547,registered,activating,2026-03-31,10-Q,New filing detected
2026-05-29T09:44:25Z,FICO,814547,activating,active,2026-03-31,10-Q,score=0.82
2026-05-29T09:44:25Z,FSLR,1274494,registered,activating,2026-03-31,10-Q,New filing detected
2026-05-29T09:44:43Z,FSLR,1274494,activating,active,2026-03-31,10-Q,score=0.64
2026-05-29T09:44:44Z,FE,1031296,registered,activating,2026-03-31,10-Q,New filing detected
2026-05-29T09:44:53Z,FE,1031296,activating,failed_activation,2026-03-31,10-Q,score=0.34
2026-05-29T09:44:54Z,FTNT,1262039,registered,activating,2026-03-31,10-Q,New filing detected
2026-05-29T09:45:09Z,FTNT,1262039,activating,active,2026-03-31,10-Q,score=0.86
2026-05-29T09:45:09Z,FOXA,1754301,registered,activating,2026-03-31,10-Q,New filing detected
2026-05-29T09:45:22Z,FOXA,1754301,activating,active,2026-03-31,10-Q,score=0.86
2026-05-29T09:45:22Z,FCX,831259,registered,activating,2026-03-31,10-Q,New filing detected
2026-05-29T09:45:55Z,FCX,831259,activating,active,2026-03-31,10-Q,score=0.70
2026-05-29T09:45:55Z,GRMN,1121788,registered,activating,2026-03-28,10-Q,New filing detected
2026-05-29T09:46:13Z,GRMN,1121788,activating,active,2026-03-28,10-Q,score=0.86
2026-05-29T09:46:14Z,IT,749251,registered,activating,2026-03-31,10-Q,New filing detected
2026-05-29T09:46:30Z,IT,749251,activating,active,2026-03-31,10-Q,score=0.86
2026-05-29T09:46:30Z,GE,40545,registered,activating,2026-03-31,10-Q,New filing detected
2026-05-29T09:46:55Z,GE,40545,activating,active_needs_review,2026-03-31,10-Q,score=0.50
2026-05-29T09:46:55Z,GEHC,1932393,registered,activating,2026-03-31,10-Q,New filing detected
2026-05-29T09:47:20Z,GEHC,1932393,activating,active,2026-03-31,10-Q,score=0.74
2026-05-29T09:47:20Z,GEN,849399,registered,activating,2026-04-03,10-K,New filing detected
2026-05-29T09:47:39Z,GEN,849399,activating,active,2026-04-03,10-K,score=0.74
2026-05-29T09:47:39Z,GNRC,1474735,registered,activating,2026-03-31,10-Q,New filing detected
2026-05-29T09:47:55Z,GNRC,1474735,activating,active_needs_review,2026-03-31,10-Q,score=0.52
2026-05-29T09:47:55Z,GM,1467858,registered,activating,2026-03-31,10-Q,New filing detected
2026-05-29T09:48:24Z,GM,1467858,activating,active,2026-03-31,10-Q,score=0.86
2026-05-29T09:48:25Z,GPC,40987,registered,activating,2026-03-31,10-Q,New filing detected
2026-05-29T09:48:42Z,GPC,40987,activating,active,2026-03-31,10-Q,score=0.82
2026-05-29T09:48:42Z,GILD,882095,registered,activating,2026-03-31,10-Q,New filing detected
2026-05-29T09:49:03Z,GILD,882095,activating,active,2026-03-31,10-Q,score=0.86
2026-05-29T09:49:04Z,GDDY,1609711,registered,activating,2026-03-31,10-Q,New filing detected
2026-05-29T09:49:29Z,GDDY,1609711,activating,active,2026-03-31,10-Q,score=0.94
2026-05-29T09:49:29Z,HAS,46080,registered,activating,2026-03-29,10-Q,New filing detected
2026-05-29T09:49:39Z,HAS,46080,activating,active_needs_review,2026-03-29,10-Q,score=0.58
2026-05-29T09:49:40Z,HCA,860730,registered,activating,2026-03-31,10-Q,New filing detected
2026-05-29T09:49:48Z,HCA,860730,activating,active_needs_review,2026-03-31,10-Q,score=0.58
2026-05-29T09:49:49Z,HSIC,1000228,registered,activating,2026-03-28,10-Q,New filing detected
2026-05-29T09:50:10Z,HSIC,1000228,activating,active,2026-03-28,10-Q,score=0.86
2026-05-29T09:50:10Z,HSY,47111,registered,activating,2026-03-29,10-Q,New filing detected
2026-05-29T09:50:35Z,HSY,47111,activating,active,2026-03-29,10-Q,score=0.86
2026-05-29T09:50:36Z,HPE,1645590,registered,activating,2026-01-31,10-Q,New filing detected
2026-05-29T09:50:56Z,HPE,1645590,activating,active,2026-01-31,10-Q,score=0.82
2026-05-29T09:50:57Z,HLT,1585689,registered,activating,2026-03-31,10-Q,New filing detected
2026-05-29T09:51:13Z,HLT,1585689,activating,active,2026-03-31,10-Q,score=0.82
2026-05-29T09:51:13Z,HD,354950,registered,activating,2026-05-03,10-Q,New filing detected
2026-05-29T09:51:27Z,HD,354950,activating,active,2026-05-03,10-Q,score=0.86
2026-05-29T09:51:27Z,HON,773840,registered,activating,2026-03-31,10-Q,New filing detected
2026-05-29T09:51:45Z,HON,773840,activating,active_needs_review,2026-03-31,10-Q,score=0.44
2026-06-01T11:10:12Z,HRL,48465,registered,activating,2026-04-26,10-Q,New filing detected
2026-06-01T11:10:27Z,HRL,48465,activating,active,2026-04-26,10-Q,score=0.82
2026-06-01T11:10:28Z,HWM,4281,registered,activating,2026-03-31,10-Q,New filing detected
2026-06-01T11:10:36Z,HWM,4281,activating,active_needs_review,2026-03-31,10-Q,score=0.58
2026-06-01T11:10:36Z,HPQ,47217,registered,activating,2026-04-30,10-Q,New filing detected
2026-06-01T11:10:52Z,HPQ,47217,activating,active,2026-04-30,10-Q,score=0.82
2026-06-01T11:10:52Z,HUBB,48898,registered,activating,2026-03-31,10-Q,New filing detected
2026-06-01T11:11:12Z,HUBB,48898,activating,active,2026-03-31,10-Q,score=0.86
2026-06-01T11:11:12Z,HUM,49071,registered,activating,2026-03-31,10-Q,New filing detected
2026-06-01T11:11:30Z,HUM,49071,activating,active,2026-03-31,10-Q,score=0.86
2026-06-01T11:11:30Z,HII,1501585,registered,activating,2026-03-31,10-Q,New filing detected
2026-06-01T11:11:44Z,HII,1501585,activating,active,2026-03-31,10-Q,score=0.82
2026-06-01T11:11:44Z,IBM,51143,registered,activating,2026-03-31,10-Q,New filing detected
2026-06-01T11:11:55Z,IBM,51143,activating,active,2026-03-31,10-Q,score=0.64
2026-06-01T11:11:55Z,IEX,832101,registered,activating,2026-03-31,10-Q,New filing detected
2026-06-01T11:12:14Z,IEX,832101,activating,active,2026-03-31,10-Q,score=0.86
2026-06-01T11:12:15Z,IDXX,874716,registered,activating,2026-03-31,10-Q,New filing detected
2026-06-01T11:12:31Z,IDXX,874716,activating,active,2026-03-31,10-Q,score=0.86
2026-06-01T11:12:31Z,ITW,49826,registered,activating,2026-03-31,10-Q,New filing detected
2026-06-01T11:12:42Z,ITW,49826,activating,active,2026-03-31,10-Q,score=0.68
2026-06-01T11:12:42Z,INCY,879169,registered,activating,2026-03-31,10-Q,New filing detected
2026-06-01T11:12:53Z,INCY,879169,activating,active,2026-03-31,10-Q,score=0.68
2026-06-01T11:12:53Z,IR,1699150,registered,activating,2026-03-31,10-Q,New filing detected
2026-06-01T11:13:11Z,IR,1699150,activating,active,2026-03-31,10-Q,score=0.82
2026-06-01T11:13:12Z,PODD,1145197,registered,activating,2026-03-31,10-Q,New filing detected
2026-06-01T11:13:31Z,PODD,1145197,activating,active,2026-03-31,10-Q,score=0.92
2026-06-01T11:13:31Z,IFF,51253,registered,activating,2026-03-31,10-Q,New filing detected
2026-06-01T11:13:52Z,IFF,51253,activating,active,2026-03-31,10-Q,score=0.74
2026-06-01T11:13:52Z,IP,51434,registered,activating,2026-03-31,10-Q,New filing detected
2026-06-01T11:14:01Z,IP,51434,activating,active_needs_review,2026-03-31,10-Q,score=0.38
2026-06-01T11:14:01Z,INTU,896878,registered,activating,2026-04-30,10-Q,New filing detected
2026-06-01T11:14:12Z,INTU,896878,activating,active,2026-04-30,10-Q,score=0.88
2026-06-01T11:14:12Z,ISRG,1035267,registered,activating,2026-03-31,10-Q,New filing detected
2026-06-01T11:14:38Z,ISRG,1035267,activating,active,2026-03-31,10-Q,score=0.74
2026-06-01T11:14:38Z,IQV,1478242,registered,activating,2026-03-31,10-Q,New filing detected
2026-06-01T11:15:07Z,IQV,1478242,activating,active,2026-03-31,10-Q,score=0.82
2026-06-01T11:15:07Z,JBL,898293,registered,activating,2026-02-28,10-Q,New filing detected
2026-06-01T11:15:22Z,JBL,898293,activating,active,2026-02-28,10-Q,score=0.82
2026-06-01T11:15:22Z,J,52988,registered,activating,2026-03-27,10-Q,New filing detected
2026-06-01T11:15:36Z,J,52988,activating,active,2026-03-27,10-Q,score=0.86
2026-06-01T11:15:37Z,JNJ,200406,registered,activating,2026-03-29,10-Q,New filing detected
2026-06-01T11:15:49Z,JNJ,200406,activating,active_needs_review,2026-03-29,10-Q,score=0.40
2026-06-01T11:15:49Z,JCI,833444,registered,activating,2026-03-31,10-Q,New filing detected
2026-06-01T11:16:01Z,JCI,833444,activating,active_needs_review,2026-03-31,10-Q,score=0.58
2026-06-01T11:16:01Z,KVUE,1944048,registered,activating,2026-03-29,10-Q,New filing detected
2026-06-01T11:16:17Z,KVUE,1944048,activating,active,2026-03-29,10-Q,score=0.82
2026-06-01T11:16:18Z,KDP,1418135,registered,activating,2026-03-31,10-Q,New filing detected
2026-06-01T11:16:49Z,KDP,1418135,activating,active,2026-03-31,10-Q,score=0.86
2026-06-01T11:16:50Z,KMB,55785,registered,activating,2026-03-31,10-Q,New filing detected
2026-06-01T11:17:07Z,KMB,55785,activating,active,2026-03-31,10-Q,score=0.86
2026-06-01T11:17:08Z,KLAC,319201,registered,activating,2026-03-31,10-Q,New filing detected
2026-06-01T11:17:26Z,KLAC,319201,activating,active,2026-03-31,10-Q,score=0.82
2026-06-01T11:17:26Z,KHC,1637459,registered,activating,2026-03-28,10-Q,New filing detected
2026-06-01T11:17:50Z,KHC,1637459,activating,active,2026-03-28,10-Q,score=0.74
2026-06-01T11:17:50Z,LH,920148,registered,activating,2026-03-31,10-Q,New filing detected
2026-06-01T11:17:57Z,LH,920148,activating,failed_activation,2026-03-31,10-Q,score=0.34
2026-06-01T11:17:57Z,LRCX,707549,registered,activating,2026-03-29,10-Q,New filing detected
2026-06-01T11:18:12Z,LRCX,707549,activating,active,2026-03-29,10-Q,score=0.64
2026-06-01T11:18:12Z,LW,1679273,registered,activating,2026-02-22,10-Q,New filing detected
2026-06-01T11:18:28Z,LW,1679273,activating,active,2026-02-22,10-Q,score=0.82
2026-06-01T11:18:28Z,LDOS,1336920,registered,activating,2026-04-03,10-Q,New filing detected
2026-06-01T11:18:45Z,LDOS,1336920,activating,active,2026-04-03,10-Q,score=0.86
2026-06-01T11:18:45Z,LEN,920760,registered,activating,2026-02-28,10-Q,New filing detected
2026-06-01T11:19:01Z,LEN,920760,activating,active,2026-02-28,10-Q,score=0.82
2026-06-01T11:19:02Z,LII,1069202,registered,activating,2026-03-31,10-Q,New filing detected
2026-06-01T11:19:11Z,LII,1069202,activating,active_needs_review,2026-03-31,10-Q,score=0.58
2026-06-01T11:19:11Z,LLY,59478,registered,activating,2026-03-31,10-Q,New filing detected
2026-06-01T11:19:20Z,LLY,59478,activating,active_needs_review,2026-03-31,10-Q,score=0.58
2026-06-01T11:19:20Z,LIN,1707925,registered,activating,2026-03-31,10-Q,New filing detected
2026-06-01T11:19:47Z,LIN,1707925,activating,active,2026-03-31,10-Q,score=0.92
2026-06-01T11:19:48Z,LYV,1335258,registered,activating,2026-03-31,10-Q,New filing detected
2026-06-01T11:20:01Z,LYV,1335258,activating,active_needs_review,2026-03-31,10-Q,score=0.44
2026-06-01T11:20:01Z,LMT,936468,registered,activating,2026-03-29,10-Q,New filing detected
2026-06-01T11:20:20Z,LMT,936468,activating,active,2026-03-29,10-Q,score=0.86
2026-06-01T11:20:20Z,LOW,60667,registered,activating,2026-05-01,10-Q,New filing detected
2026-06-01T11:20:33Z,LOW,60667,activating,active,2026-05-01,10-Q,score=0.82
2026-06-01T11:20:33Z,LULU,1397187,registered,activating,2026-02-01,10-K,New filing detected
2026-06-01T11:20:51Z,LULU,1397187,activating,active,2026-02-01,10-K,score=0.68
2026-06-01T11:20:52Z,LYB,1489393,registered,activating,2026-03-31,10-Q,New filing detected
2026-06-01T11:21:14Z,LYB,1489393,activating,active,2026-03-31,10-Q,score=0.82
2026-06-01T11:21:14Z,MPC,1510295,registered,activating,2026-03-31,10-Q,New filing detected
2026-06-01T11:21:27Z,MPC,1510295,activating,active,2026-03-31,10-Q,score=0.86
2026-06-01T11:21:27Z,MAR,1048286,registered,activating,2026-03-31,10-Q,New filing detected
2026-06-01T11:21:45Z,MAR,1048286,activating,active,2026-03-31,10-Q,score=0.86
2026-06-01T11:21:45Z,MLM,916076,registered,activating,2026-03-31,10-Q,New filing detected
2026-06-01T11:22:00Z,MLM,916076,activating,active,2026-03-31,10-Q,score=0.82
2026-06-01T11:22:00Z,MAS,62996,registered,activating,2026-03-31,10-Q,New filing detected
2026-06-01T11:22:12Z,MAS,62996,activating,active,2026-03-31,10-Q,score=0.64
2026-06-01T11:22:12Z,MTCH,891103,registered,activating,2026-03-31,10-Q,New filing detected
2026-06-01T11:22:40Z,MTCH,891103,activating,active,2026-03-31,10-Q,score=0.98
2026-06-01T11:22:40Z,MKC,63754,registered,activating,2026-02-28,10-Q,New filing detected
2026-06-01T11:22:50Z,MKC,63754,activating,active_needs_review,2026-02-28,10-Q,score=0.56
2026-06-01T11:22:50Z,MCD,63908,registered,activating,2026-03-31,10-Q,New filing detected
2026-06-01T11:23:00Z,MCD,63908,activating,failed_activation,2026-03-31,10-Q,score=0.34
2026-06-01T11:23:00Z,MCK,927653,registered,activating,2026-03-31,10-K,New filing detected
2026-06-01T11:23:15Z,MCK,927653,activating,active,2026-03-31,10-K,score=0.86
2026-06-01T11:23:16Z,MTD,1037646,registered,activating,2026-03-31,10-Q,New filing detected
2026-06-01T11:23:25Z,MTD,1037646,activating,active_needs_review,2026-03-31,10-Q,score=0.58
2026-06-01T11:23:25Z,MGM,789570,registered,activating,2026-03-31,10-Q,New filing detected
2026-06-01T11:23:45Z,MGM,789570,activating,active,2026-03-31,10-Q,score=0.86
2026-06-03T15:37:51Z,MCHP,827054,registered,activating,2026-03-31,10-K,New filing detected (cc_bridge)
2026-06-03T15:37:51Z,MCHP,827054,activating,active_needs_review,2026-03-31,10-K,score=0.50
2026-06-03T15:37:51Z,MSFT,789019,registered,activating,2026-03-31,10-Q,New filing detected (cc_bridge)
2026-06-03T15:37:51Z,MSFT,789019,activating,active_needs_review,2026-03-31,10-Q,score=0.50
2026-06-03T15:37:51Z,MRNA,1682852,registered,activating,2026-03-31,10-Q,New filing detected (cc_bridge)
2026-06-03T15:37:51Z,MRNA,1682852,activating,active_needs_review,2026-03-31,10-Q,score=0.46
2026-06-03T15:37:51Z,MOH,1179929,registered,activating,2026-03-31,10-Q,New filing detected (cc_bridge)
2026-06-03T15:37:51Z,MOH,1179929,activating,active_needs_review,2026-03-31,10-Q,score=0.46
2026-06-03T15:37:51Z,TAP,24545,registered,activating,2026-03-31,10-Q,New filing detected (cc_bridge)
2026-06-03T15:37:51Z,TAP,24545,activating,failed_activation,2026-03-31,10-Q,score=0.34
2026-06-03T15:37:51Z,MDLZ,1103982,registered,activating,2026-03-31,10-Q,New filing detected (cc_bridge)
2026-06-03T15:37:51Z,MDLZ,1103982,activating,active_needs_review,2026-03-31,10-Q,score=0.38
2026-06-03T15:37:51Z,MPWR,1280452,registered,activating,2026-03-31,10-Q,New filing detected (cc_bridge)
2026-06-03T15:37:51Z,MPWR,1280452,activating,active_needs_review,2026-03-31,10-Q,score=0.46
2026-06-03T15:37:51Z,MNST,865752,registered,activating,2026-03-31,10-Q,New filing detected (cc_bridge)
2026-06-03T15:37:51Z,MNST,865752,activating,active_needs_review,2026-03-31,10-Q,score=0.50
2026-06-03T15:37:51Z,MOS,1285785,registered,activating,2026-03-31,10-Q,New filing detected (cc_bridge)
2026-06-03T15:37:51Z,MOS,1285785,activating,active_needs_review,2026-03-31,10-Q,score=0.40
2026-06-03T15:37:51Z,MSI,68505,registered,activating,2026-04-04,10-Q,New filing detected (cc_bridge)
2026-06-03T15:37:51Z,MSI,68505,activating,failed_activation,2026-04-04,10-Q,score=0.34
2026-06-03T15:37:51Z,NEM,1164727,registered,activating,2026-03-31,10-Q,New filing detected (cc_bridge)
2026-06-03T15:37:51Z,NEM,1164727,activating,active_needs_review,2026-03-31,10-Q,score=0.38
2026-06-03T15:37:51Z,NWSA,1564708,registered,activating,2026-03-31,10-Q,New filing detected (cc_bridge)
2026-06-03T15:37:51Z,NWSA,1564708,activating,active_needs_review,2026-03-31,10-Q,score=0.50
2026-06-03T15:37:51Z,NEE,753308,registered,activating,2026-03-31,10-Q,New filing detected (cc_bridge)
2026-06-03T15:37:51Z,NEE,753308,activating,failed_activation,2026-03-31,10-Q,score=0.32
2026-06-03T15:37:51Z,NKE,320187,registered,activating,2026-02-28,10-Q,New filing detected (cc_bridge)
2026-06-03T15:37:51Z,NKE,320187,activating,active_needs_review,2026-02-28,10-Q,score=0.50
2026-06-03T15:37:51Z,NI,1111711,registered,activating,2026-03-31,10-Q,New filing detected (cc_bridge)
2026-06-03T15:37:51Z,NI,1111711,activating,failed_activation,2026-03-31,10-Q,score=0.28
2026-06-03T15:37:51Z,NDSN,72331,registered,activating,2026-04-30,10-Q,New filing detected (cc_bridge)
2026-06-03T15:37:51Z,NDSN,72331,activating,active_needs_review,2026-04-30,10-Q,score=0.50
2026-06-03T15:37:51Z,NOC,1133421,registered,activating,2026-03-31,10-Q,New filing detected (cc_bridge)
2026-06-03T15:37:51Z,NOC,1133421,activating,active_needs_review,2026-03-31,10-Q,score=0.58
2026-06-03T15:37:51Z,NCLH,1513761,registered,activating,2026-03-31,10-Q,New filing detected (cc_bridge)
2026-06-03T15:37:51Z,NCLH,1513761,activating,active_needs_review,2026-03-31,10-Q,score=0.46
2026-06-03T15:37:51Z,NRG,1013871,registered,activating,2026-03-31,10-Q,New filing detected (cc_bridge)
2026-06-03T15:37:51Z,NRG,1013871,activating,active_needs_review,2026-03-31,10-Q,score=0.38
2026-06-03T15:37:51Z,NUE,73309,registered,activating,2026-04-04,10-Q,New filing detected (cc_bridge)
2026-06-03T15:37:51Z,NUE,73309,activating,active_needs_review,2026-04-04,10-Q,score=0.46
2026-06-03T15:37:51Z,NVDA,1045810,registered,activating,2026-04-26,10-Q,New filing detected (cc_bridge)
2026-06-03T15:37:51Z,NVDA,1045810,activating,active_needs_review,2026-04-26,10-Q,score=0.50
2026-06-03T15:37:51Z,NXPI,1413447,registered,activating,2026-03-29,10-Q,New filing detected (cc_bridge)
2026-06-03T15:37:51Z,NXPI,1413447,activating,active_needs_review,2026-03-29,10-Q,score=0.50
2026-06-03T15:37:51Z,ORLY,898173,registered,activating,2026-03-31,10-Q,New filing detected (cc_bridge)
2026-06-03T15:37:51Z,ORLY,898173,activating,active_needs_review,2026-03-31,10-Q,score=0.46
2026-06-03T15:37:51Z,OXY,797468,registered,activating,2026-03-31,10-Q,New filing detected (cc_bridge)
2026-06-03T15:37:51Z,OXY,797468,activating,active_needs_review,2026-03-31,10-Q,score=0.50
2026-06-03T15:37:51Z,ODFL,878927,registered,activating,2026-03-31,10-Q,New filing detected (cc_bridge)
2026-06-03T15:37:51Z,ODFL,878927,activating,active_needs_review,2026-03-31,10-Q,score=0.50
2026-06-03T15:37:51Z,OMC,29989,registered,activating,2026-03-31,10-Q,New filing detected (cc_bridge)
2026-06-03T15:37:51Z,OMC,29989,activating,active_needs_review,2026-03-31,10-Q,score=0.46
2026-06-03T15:37:51Z,ON,1097864,registered,activating,2026-04-03,10-Q,New filing detected (cc_bridge)
2026-06-03T15:37:51Z,ON,1097864,activating,active_needs_review,2026-04-03,10-Q,score=0.46
2026-06-03T15:37:51Z,OKE,1039684,registered,activating,2026-03-31,10-Q,New filing detected (cc_bridge)
2026-06-03T15:37:51Z,OKE,1039684,activating,failed_activation,2026-03-31,10-Q,score=0.34
2026-06-03T15:37:51Z,OTIS,1781335,registered,activating,2026-03-31,10-Q,New filing detected (cc_bridge)
2026-06-03T15:37:51Z,OTIS,1781335,activating,active_needs_review,2026-03-31,10-Q,score=0.46
2026-06-03T15:37:51Z,PCAR,75362,registered,activating,2026-03-31,10-Q,New filing detected (cc_bridge)
2026-06-03T15:37:51Z,PCAR,75362,activating,failed_activation,2026-03-31,10-Q,score=0.34
2026-06-03T15:37:51Z,PKG,75677,registered,activating,2026-03-31,10-Q,New filing detected (cc_bridge)
2026-06-03T15:37:51Z,PKG,75677,activating,active_needs_review,2026-03-31,10-Q,score=0.40
2026-06-03T15:37:51Z,PLTR,1321655,registered,activating,2026-03-31,10-Q,New filing detected (cc_bridge)
2026-06-03T15:37:51Z,PLTR,1321655,activating,active_needs_review,2026-03-31,10-Q,score=0.50
2026-06-03T15:37:51Z,PANW,1327567,registered,activating,2026-04-30,10-Q,New filing detected (cc_bridge)
2026-06-03T15:37:51Z,PANW,1327567,activating,active_needs_review,2026-04-30,10-Q,score=0.50
2026-06-03T15:37:51Z,PSKY,2041610,registered,activating,2026-03-31,10-Q,New filing detected (cc_bridge)
2026-06-03T15:37:51Z,PSKY,2041610,activating,failed_activation,2026-03-31,10-Q,score=0.32
2026-06-03T15:37:51Z,PH,76334,registered,activating,2026-03-31,10-Q,New filing detected (cc_bridge)
2026-06-03T15:37:51Z,PH,76334,activating,active_needs_review,2026-03-31,10-Q,score=0.46
2026-06-03T15:37:51Z,PAYC,1590955,registered,activating,2026-03-31,10-Q,New filing detected (cc_bridge)
2026-06-03T15:37:51Z,PAYC,1590955,activating,active_needs_review,2026-03-31,10-Q,score=0.46
2026-06-03T15:37:51Z,PNR,77360,registered,activating,2026-03-31,10-Q,New filing detected (cc_bridge)
2026-06-03T15:37:51Z,PNR,77360,activating,active_needs_review,2026-03-31,10-Q,score=0.52
2026-06-03T15:37:51Z,PFE,78003,registered,activating,2026-03-29,10-Q,New filing detected (cc_bridge)
2026-06-03T15:37:51Z,PFE,78003,activating,active_needs_review,2026-03-29,10-Q,score=0.38
2026-06-03T15:37:51Z,PCG,1004980,registered,activating,2026-03-31,10-Q,New filing detected (cc_bridge)
2026-06-03T15:37:51Z,PCG,1004980,activating,failed_activation,2026-03-31,10-Q,score=0.34
2026-06-03T15:37:51Z,PSX,1534701,registered,activating,2026-03-31,10-Q,New filing detected (cc_bridge)
2026-06-03T15:37:51Z,PSX,1534701,activating,active_needs_review,2026-03-31,10-Q,score=0.38
2026-06-03T15:37:51Z,PNW,764622,registered,activating,2026-03-31,10-Q,New filing detected (cc_bridge)
2026-06-03T15:37:51Z,PNW,764622,activating,active_needs_review,2026-03-31,10-Q,score=0.38
2026-06-03T15:37:51Z,POOL,945841,registered,activating,2026-03-31,10-Q,New filing detected (cc_bridge)
2026-06-03T15:37:51Z,POOL,945841,activating,active_needs_review,2026-03-31,10-Q,score=0.50
2026-06-03T15:37:51Z,PPG,79879,registered,activating,2026-03-31,10-Q,New filing detected (cc_bridge)
2026-06-03T15:37:51Z,PPG,79879,activating,active_needs_review,2026-03-31,10-Q,score=0.46
2026-06-03T15:37:51Z,PPL,922224,registered,activating,2026-03-31,10-Q,New filing detected (cc_bridge)
2026-06-03T15:37:51Z,PPL,922224,activating,failed_activation,2026-03-31,10-Q,score=0.34
2026-06-03T15:37:51Z,PEG,788784,registered,activating,2026-03-31,10-Q,New filing detected (cc_bridge)
2026-06-03T15:37:51Z,PEG,788784,activating,active_needs_review,2026-03-31,10-Q,score=0.38
2026-06-03T15:37:51Z,PTC,857005,registered,activating,2026-03-31,10-Q,New filing detected (cc_bridge)
2026-06-03T15:37:51Z,PTC,857005,activating,active_needs_review,2026-03-31,10-Q,score=0.50
2026-06-03T15:37:51Z,PHM,822416,registered,activating,2026-03-31,10-Q,New filing detected (cc_bridge)
2026-06-03T15:37:51Z,PHM,822416,activating,active_needs_review,2026-03-31,10-Q,score=0.50
2026-06-03T15:37:51Z,PWR,1050915,registered,activating,2026-03-31,10-Q,New filing detected (cc_bridge)
2026-06-03T15:37:51Z,PWR,1050915,activating,active_needs_review,2026-03-31,10-Q,score=0.46
2026-06-03T15:37:51Z,QCOM,804328,registered,activating,2026-03-29,10-Q,New filing detected (cc_bridge)
2026-06-03T15:37:51Z,QCOM,804328,activating,active_needs_review,2026-03-29,10-Q,score=0.50
2026-06-04T09:25:16Z,NVR,906163,registered,activating,2026-03-31,10-Q,New filing detected (cc_bridge)
2026-06-04T09:25:16Z,NVR,906163,activating,failed_activation,2026-03-31,10-Q,score=0.16
2026-06-04T09:25:16Z,DGX,1022079,registered,activating,2026-03-31,10-Q,New filing detected (cc_bridge)
2026-06-04T09:25:16Z,DGX,1022079,activating,active_needs_review,2026-03-31,10-Q,score=0.50
2026-06-04T09:25:16Z,RL,1037038,registered,activating,2026-03-28,10-K,New filing detected (cc_bridge)
2026-06-04T09:25:16Z,RL,1037038,activating,active_needs_review,2026-03-28,10-K,score=0.46
2026-06-04T09:25:16Z,RTX,101829,registered,activating,2026-03-31,10-Q,New filing detected (cc_bridge)
2026-06-04T09:25:16Z,RTX,101829,activating,failed_activation,2026-03-31,10-Q,score=0.34
2026-06-04T09:25:16Z,REGN,872589,registered,activating,2026-03-31,10-Q,New filing detected (cc_bridge)
2026-06-04T09:25:16Z,REGN,872589,activating,active_needs_review,2026-03-31,10-Q,score=0.46
2026-06-04T09:25:16Z,RSG,1060391,registered,activating,2026-03-31,10-Q,New filing detected (cc_bridge)
2026-06-04T09:25:16Z,RSG,1060391,activating,active_needs_review,2026-03-31,10-Q,score=0.46
2026-06-04T09:25:16Z,RMD,943819,registered,activating,2026-03-31,10-Q,New filing detected (cc_bridge)
2026-06-04T09:25:16Z,RMD,943819,activating,failed_activation,2026-03-31,10-Q,score=0.20
2026-06-04T09:25:16Z,RVTY,31791,registered,activating,2026-04-05,10-Q,New filing detected (cc_bridge)
2026-06-04T09:25:16Z,RVTY,31791,activating,active_needs_review,2026-04-05,10-Q,score=0.46
2026-06-04T09:25:16Z,ROK,1024478,registered,activating,2026-03-31,10-Q,New filing detected (cc_bridge)
2026-06-04T09:25:16Z,ROK,1024478,activating,failed_activation,2026-03-31,10-Q,score=0.34
2026-06-04T09:25:16Z,ROL,84839,registered,activating,2026-03-31,10-Q,New filing detected (cc_bridge)
2026-06-04T09:25:16Z,ROL,84839,activating,active_needs_review,2026-03-31,10-Q,score=0.46
2026-06-04T09:25:16Z,ROP,882835,registered,activating,2026-03-31,10-Q,New filing detected (cc_bridge)
2026-06-04T09:25:16Z,ROP,882835,activating,active_needs_review,2026-03-31,10-Q,score=0.46
2026-06-04T09:25:16Z,ROST,745732,registered,activating,2026-05-02,10-Q,New filing detected (cc_bridge)
2026-06-04T09:25:16Z,ROST,745732,activating,active_needs_review,2026-05-02,10-Q,score=0.46
2026-06-04T09:25:16Z,RCL,884887,registered,activating,2026-03-31,10-Q,New filing detected (cc_bridge)
2026-06-04T09:25:16Z,RCL,884887,activating,active_needs_review,2026-03-31,10-Q,score=0.50
2026-06-04T09:25:16Z,CRM,1108524,registered,activating,2026-04-30,10-Q,New filing detected (cc_bridge)
2026-06-04T09:25:16Z,CRM,1108524,activating,active_needs_review,2026-04-30,10-Q,score=0.46
2026-06-04T09:25:16Z,SLB,87347,registered,activating,2026-03-31,10-Q,New filing detected (cc_bridge)
2026-06-04T09:25:16Z,SLB,87347,activating,active_needs_review,2026-03-31,10-Q,score=0.38
2026-06-04T09:25:16Z,SRE,1032208,registered,activating,2026-03-31,10-Q,New filing detected (cc_bridge)
2026-06-04T09:25:16Z,SRE,1032208,activating,active_needs_review,2026-03-31,10-Q,score=0.38
2026-06-04T09:25:16Z,NOW,1373715,registered,activating,2026-03-31,10-Q,New filing detected (cc_bridge)
2026-06-04T09:25:16Z,NOW,1373715,activating,active_needs_review,2026-03-31,10-Q,score=0.50
2026-06-04T09:25:16Z,SHW,89800,registered,activating,2026-03-31,10-Q,New filing detected (cc_bridge)
2026-06-04T09:25:16Z,SHW,89800,activating,active_needs_review,2026-03-31,10-Q,score=0.46
2026-06-04T09:25:16Z,SWKS,4127,registered,activating,2026-04-03,10-Q,New filing detected (cc_bridge)
2026-06-04T09:25:16Z,SWKS,4127,activating,active_needs_review,2026-04-03,10-Q,score=0.46
2026-06-04T09:25:16Z,SW,2005951,registered,activating,2026-03-31,10-Q,New filing detected (cc_bridge)
2026-06-04T09:25:16Z,SW,2005951,activating,failed_activation,2026-03-31,10-Q,score=0.32
2026-06-04T09:25:16Z,SNA,91440,registered,activating,2026-04-04,10-Q,New filing detected (cc_bridge)
2026-06-04T09:25:16Z,SNA,91440,activating,failed_activation,2026-04-04,10-Q,score=0.34
2026-06-04T09:25:16Z,SOLV,1964738,registered,activating,2026-03-31,10-Q,New filing detected (cc_bridge)
2026-06-04T09:25:16Z,SOLV,1964738,activating,failed_activation,2026-03-31,10-Q,score=0.34
2026-06-04T09:25:16Z,SO,92122,registered,activating,2026-03-31,10-Q,New filing detected (cc_bridge)
2026-06-04T09:25:16Z,SO,92122,activating,failed_activation,2026-03-31,10-Q,score=0.28
2026-06-04T09:25:16Z,LUV,92380,registered,activating,2026-03-31,10-Q,New filing detected (cc_bridge)
2026-06-04T09:25:16Z,LUV,92380,activating,active_needs_review,2026-03-31,10-Q,score=0.50
2026-06-04T09:25:16Z,SBUX,829224,registered,activating,2026-03-29,10-Q,New filing detected (cc_bridge)
2026-06-04T09:25:16Z,SBUX,829224,activating,failed_activation,2026-03-29,10-Q,score=0.34
2026-06-04T09:25:16Z,STLD,1022671,registered,activating,2026-03-31,10-Q,New filing detected (cc_bridge)
2026-06-04T09:25:16Z,STLD,1022671,activating,active_needs_review,2026-03-31,10-Q,score=0.50
2026-06-04T09:25:16Z,STE,1757898,registered,activating,2026-03-31,10-K,New filing detected (cc_bridge)
2026-06-04T09:25:16Z,STE,1757898,activating,active_needs_review,2026-03-31,10-K,score=0.46
2026-06-04T09:25:16Z,SYK,310764,registered,activating,2026-03-31,10-Q,New filing detected (cc_bridge)
2026-06-04T09:25:16Z,SYK,310764,activating,active_needs_review,2026-03-31,10-Q,score=0.46
2026-06-04T09:25:16Z,SMCI,1375365,registered,activating,2026-03-31,10-Q,New filing detected (cc_bridge)
2026-06-04T09:25:16Z,SMCI,1375365,activating,failed_activation,2026-03-31,10-Q,score=0.32
2026-06-04T09:25:16Z,SNPS,883241,registered,activating,2026-04-30,10-Q,New filing detected (cc_bridge)
2026-06-04T09:25:16Z,SNPS,883241,activating,active_needs_review,2026-04-30,10-Q,score=0.50
2026-06-04T09:25:17Z,SYY,96021,registered,activating,2026-03-28,10-Q,New filing detected (cc_bridge)
2026-06-04T09:25:17Z,SYY,96021,activating,failed_activation,2026-03-28,10-Q,score=0.34
2026-06-04T09:25:17Z,TMUS,1283699,registered,activating,2026-03-31,10-Q,New filing detected (cc_bridge)
2026-06-04T09:25:17Z,TMUS,1283699,activating,active_needs_review,2026-03-31,10-Q,score=0.38
2026-06-04T09:25:17Z,TTWO,946581,registered,activating,2026-03-31,10-K,New filing detected (cc_bridge)
2026-06-04T09:25:17Z,TTWO,946581,activating,active_needs_review,2026-03-31,10-K,score=0.50
2026-06-04T09:25:17Z,TPR,1116132,registered,activating,2026-03-28,10-Q,New filing detected (cc_bridge)
2026-06-04T09:25:17Z,TPR,1116132,activating,active_needs_review,2026-03-28,10-Q,score=0.46
2026-06-04T09:25:17Z,TRGP,1389170,registered,activating,2026-03-31,10-Q,New filing detected (cc_bridge)
2026-06-04T09:25:17Z,TRGP,1389170,activating,active_needs_review,2026-03-31,10-Q,score=0.38
2026-06-04T09:25:17Z,TGT,27419,registered,activating,2026-05-02,10-Q,New filing detected (cc_bridge)
2026-06-04T09:25:17Z,TGT,27419,activating,active_needs_review,2026-05-02,10-Q,score=0.46
2026-06-04T09:25:17Z,TEL,1385157,registered,activating,2026-03-27,10-Q,New filing detected (cc_bridge)
2026-06-04T09:25:17Z,TEL,1385157,activating,active_needs_review,2026-03-27,10-Q,score=0.46
2026-06-04T09:25:17Z,TER,97210,registered,activating,2026-03-29,10-Q,New filing detected (cc_bridge)
2026-06-04T09:25:17Z,TER,97210,activating,failed_activation,2026-03-29,10-Q,score=0.34
2026-06-04T09:25:17Z,TSLA,1318605,registered,activating,2026-03-31,10-Q,New filing detected (cc_bridge)
2026-06-04T09:25:17Z,TSLA,1318605,activating,active_needs_review,2026-03-31,10-Q,score=0.50
2026-06-04T09:25:17Z,TXN,97476,registered,activating,2026-03-31,10-Q,New filing detected (cc_bridge)
2026-06-04T09:25:17Z,TXN,97476,activating,failed_activation,2026-03-31,10-Q,score=0.34
2026-06-04T09:25:17Z,TPL,1811074,registered,activating,2026-03-31,10-Q,New filing detected (cc_bridge)
2026-06-04T09:25:17Z,TPL,1811074,activating,active_needs_review,2026-03-31,10-Q,score=0.40
2026-06-04T09:25:17Z,TMO,97745,registered,activating,2026-03-28,10-Q,New filing detected (cc_bridge)
2026-06-04T09:25:17Z,TMO,97745,activating,active_needs_review,2026-03-28,10-Q,score=0.38
2026-06-04T09:25:17Z,TJX,109198,registered,activating,2026-05-02,10-Q,New filing detected (cc_bridge)
2026-06-04T09:25:17Z,TJX,109198,activating,failed_activation,2026-05-02,10-Q,score=0.16
2026-06-04T09:25:17Z,TKO,1973266,registered,activating,2026-03-31,10-Q,New filing detected (cc_bridge)
2026-06-04T09:25:17Z,TKO,1973266,activating,active_needs_review,2026-03-31,10-Q,score=0.46
2026-06-04T09:25:17Z,TTD,1671933,registered,activating,2026-03-31,10-Q,New filing detected (cc_bridge)
2026-06-04T09:25:17Z,TTD,1671933,activating,active_needs_review,2026-03-31,10-Q,score=0.50
2026-06-04T09:25:17Z,TSCO,916365,registered,activating,2026-03-28,10-Q,New filing detected (cc_bridge)
2026-06-04T09:25:17Z,TSCO,916365,activating,active_needs_review,2026-03-28,10-Q,score=0.50
2026-06-04T09:25:17Z,TT,1466258,registered,activating,2026-03-31,10-Q,New filing detected (cc_bridge)
2026-06-04T09:25:17Z,TT,1466258,activating,failed_activation,2026-03-31,10-Q,score=0.16
2026-06-04T09:25:17Z,TDG,1260221,registered,activating,2026-03-28,10-Q,New filing detected (cc_bridge)
2026-06-04T09:25:17Z,TDG,1260221,activating,active_needs_review,2026-03-28,10-Q,score=0.46
2026-06-04T09:25:17Z,TRMB,864749,registered,activating,2026-04-03,10-Q,New filing detected (cc_bridge)
2026-06-04T09:25:17Z,TRMB,864749,activating,active_needs_review,2026-04-03,10-Q,score=0.56
2026-06-04T09:25:17Z,TYL,860731,registered,activating,2026-03-31,10-Q,New filing detected (cc_bridge)
2026-06-04T09:25:17Z,TYL,860731,activating,active_needs_review,2026-03-31,10-Q,score=0.46
2026-06-04T11:26:23Z,TSN,100493,registered,activating,2026-03-28,10-Q,New filing detected (cc_bridge)
2026-06-04T11:26:23Z,TSN,100493,activating,failed_activation,2026-03-28,10-Q,score=0.34
2026-06-04T11:26:23Z,UBER,1543151,registered,activating,2026-03-31,10-Q,New filing detected (cc_bridge)
2026-06-04T11:26:23Z,UBER,1543151,activating,active_needs_review,2026-03-31,10-Q,score=0.50
2026-06-04T11:26:23Z,ULTA,1403568,registered,activating,2026-05-02,10-Q,New filing detected (cc_bridge)
2026-06-04T11:26:23Z,ULTA,1403568,activating,active_needs_review,2026-05-02,10-Q,score=0.46
2026-06-04T11:26:23Z,UNP,100885,registered,activating,2026-03-31,10-Q,New filing detected (cc_bridge)
2026-06-04T11:26:23Z,UNP,100885,activating,active_needs_review,2026-03-31,10-Q,score=0.40
2026-06-04T11:26:23Z,UAL,100517,registered,activating,2026-03-31,10-Q,New filing detected (cc_bridge)
2026-06-04T11:26:23Z,UAL,100517,activating,active_needs_review,2026-03-31,10-Q,score=0.50
2026-06-04T11:26:23Z,UPS,1090727,registered,activating,2026-03-31,10-Q,New filing detected (cc_bridge)
2026-06-04T11:26:23Z,UPS,1090727,activating,active_needs_review,2026-03-31,10-Q,score=0.38
2026-06-04T11:26:23Z,URI,1067701,registered,activating,2026-03-31,10-Q,New filing detected (cc_bridge)
2026-06-04T11:26:23Z,URI,1067701,activating,active_needs_review,2026-03-31,10-Q,score=0.46
2026-06-04T11:26:23Z,UNH,731766,registered,activating,2026-03-31,10-Q,New filing detected (cc_bridge)
2026-06-04T11:26:23Z,UNH,731766,activating,active_needs_review,2026-03-31,10-Q,score=0.46
2026-06-04T11:26:23Z,UHS,352915,registered,activating,2026-03-31,10-Q,New filing detected (cc_bridge)
2026-06-04T11:26:23Z,UHS,352915,activating,active_needs_review,2026-03-31,10-Q,score=0.50
2026-06-04T11:26:23Z,VLO,1035002,registered,activating,2026-03-31,10-Q,New filing detected (cc_bridge)
2026-06-04T11:26:23Z,VLO,1035002,activating,active_needs_review,2026-03-31,10-Q,score=0.38
2026-06-04T11:26:23Z,VRSN,1014473,registered,activating,2026-03-31,10-Q,New filing detected (cc_bridge)
2026-06-04T11:26:23Z,VRSN,1014473,activating,active_needs_review,2026-03-31,10-Q,score=0.50
2026-06-04T11:26:23Z,VRSK,1442145,registered,activating,2026-03-31,10-Q,New filing detected (cc_bridge)
2026-06-04T11:26:23Z,VRSK,1442145,activating,active_needs_review,2026-03-31,10-Q,score=0.58
2026-06-04T11:26:23Z,VZ,732712,registered,activating,2026-03-31,10-Q,New filing detected (cc_bridge)
2026-06-04T11:26:23Z,VZ,732712,activating,active_needs_review,2026-03-31,10-Q,score=0.38
2026-06-04T11:26:23Z,VRTX,875320,registered,activating,2026-03-31,10-Q,New filing detected (cc_bridge)
2026-06-04T11:26:23Z,VRTX,875320,activating,active_needs_review,2026-03-31,10-Q,score=0.46
2026-06-04T11:26:23Z,VTRS,1792044,registered,activating,2026-03-31,10-Q,New filing detected (cc_bridge)
2026-06-04T11:26:23Z,VTRS,1792044,activating,failed_activation,2026-03-31,10-Q,score=0.34
2026-06-04T11:26:23Z,VST,1692819,registered,activating,2026-03-31,10-Q,New filing detected (cc_bridge)
2026-06-04T11:26:23Z,VST,1692819,activating,failed_activation,2026-03-31,10-Q,score=0.34
2026-06-04T11:26:23Z,VMC,1396009,registered,activating,2026-03-31,10-Q,New filing detected (cc_bridge)
2026-06-04T11:26:23Z,VMC,1396009,activating,active_needs_review,2026-03-31,10-Q,score=0.50
2026-06-04T11:26:23Z,GWW,277135,registered,activating,2026-03-31,10-Q,New filing detected (cc_bridge)
2026-06-04T11:26:23Z,GWW,277135,activating,active_needs_review,2026-03-31,10-Q,score=0.50
2026-06-04T11:26:23Z,WAB,943452,registered,activating,2026-03-31,10-Q,New filing detected (cc_bridge)
2026-06-04T11:26:23Z,WAB,943452,activating,active_needs_review,2026-03-31,10-Q,score=0.50
2026-06-04T11:26:23Z,WMT,104169,registered,activating,2026-04-30,10-Q,New filing detected (cc_bridge)
2026-06-04T11:26:23Z,WMT,104169,activating,active_needs_review,2026-04-30,10-Q,score=0.50
2026-06-04T11:26:23Z,DIS,1744489,registered,activating,2026-03-28,10-Q,New filing detected (cc_bridge)
2026-06-04T11:26:23Z,DIS,1744489,activating,failed_activation,2026-03-28,10-Q,score=0.34
2026-06-04T11:26:23Z,WBD,1437107,registered,activating,2026-03-31,10-Q,New filing detected (cc_bridge)
2026-06-04T11:26:23Z,WBD,1437107,activating,failed_activation,2026-03-31,10-Q,score=0.34
2026-06-04T11:26:23Z,WM,823768,registered,activating,2026-03-31,10-Q,New filing detected (cc_bridge)
2026-06-04T11:26:23Z,WM,823768,activating,active_needs_review,2026-03-31,10-Q,score=0.50
2026-06-04T11:26:23Z,WAT,1000697,registered,activating,2026-04-04,10-Q,New filing detected (cc_bridge)
2026-06-04T11:26:23Z,WAT,1000697,activating,active_needs_review,2026-04-04,10-Q,score=0.46
2026-06-04T11:26:23Z,WEC,783325,registered,activating,2026-03-31,10-Q,New filing detected (cc_bridge)
2026-06-04T11:26:23Z,WEC,783325,activating,failed_activation,2026-03-31,10-Q,score=0.34
2026-06-04T11:26:23Z,WST,105770,registered,activating,2026-03-31,10-Q,New filing detected (cc_bridge)
2026-06-04T11:26:23Z,WST,105770,activating,active_needs_review,2026-03-31,10-Q,score=0.46
2026-06-04T11:26:23Z,WDC,106040,registered,activating,2026-04-03,10-Q,New filing detected (cc_bridge)
2026-06-04T11:26:23Z,WDC,106040,activating,active_needs_review,2026-04-03,10-Q,score=0.50
2026-06-04T11:26:23Z,WSM,719955,registered,activating,2026-05-03,10-Q,New filing detected (cc_bridge)
2026-06-04T11:26:23Z,WSM,719955,activating,active_needs_review,2026-05-03,10-Q,score=0.46
2026-06-04T11:26:23Z,WMB,107263,registered,activating,2026-03-31,10-Q,New filing detected (cc_bridge)
2026-06-04T11:26:23Z,WMB,107263,activating,active_needs_review,2026-03-31,10-Q,score=0.38
2026-06-04T11:26:23Z,WDAY,1327811,registered,activating,2026-04-30,10-Q,New filing detected (cc_bridge)
2026-06-04T11:26:23Z,WDAY,1327811,activating,active_needs_review,2026-04-30,10-Q,score=0.50
2026-06-04T11:26:23Z,WYNN,1174922,registered,activating,2026-03-31,10-Q,New filing detected (cc_bridge)
2026-06-04T11:26:23Z,WYNN,1174922,activating,active_needs_review,2026-03-31,10-Q,score=0.50
2026-06-04T11:26:23Z,XEL,72903,registered,activating,2026-03-31,10-Q,New filing detected (cc_bridge)
2026-06-04T11:26:23Z,XEL,72903,activating,failed_activation,2026-03-31,10-Q,score=0.34
2026-06-04T11:26:23Z,XYL,1524472,registered,activating,2026-03-31,10-Q,New filing detected (cc_bridge)
2026-06-04T11:26:23Z,XYL,1524472,activating,active_needs_review,2026-03-31,10-Q,score=0.50
2026-06-04T11:26:23Z,YUM,1041061,registered,activating,2026-03-31,10-Q,New filing detected (cc_bridge)
2026-06-04T11:26:23Z,YUM,1041061,activating,active_needs_review,2026-03-31,10-Q,score=0.38
2026-06-04T11:26:23Z,ZBRA,877212,registered,activating,2026-04-04,10-Q,New filing detected (cc_bridge)
2026-06-04T11:26:23Z,ZBRA,877212,activating,active_needs_review,2026-04-04,10-Q,score=0.52
2026-06-04T11:26:23Z,ZBH,1136869,registered,activating,2026-03-31,10-Q,New filing detected (cc_bridge)
2026-06-04T11:26:23Z,ZBH,1136869,activating,failed_activation,2026-03-31,10-Q,score=0.34
2026-06-04T11:26:23Z,ZTS,1555280,registered,activating,2026-03-31,10-Q,New filing detected (cc_bridge)
2026-06-04T11:26:23Z,ZTS,1555280,activating,active_needs_review,2026-03-31,10-Q,score=0.50
2026-06-04T11:59:57Z,AOS,91142,registered,activating,2026-03-31,10-Q,New filing detected (cc_bridge)
2026-06-04T11:59:57Z,AOS,91142,activating,active_needs_review,2026-03-31,10-Q,score=0.40
2026-06-04T11:59:57Z,CDW,1402057,registered,activating,2026-03-31,10-Q,New filing detected (cc_bridge)
2026-06-04T11:59:57Z,CDW,1402057,activating,active_needs_review,2026-03-31,10-Q,score=0.40
2026-06-04T11:59:57Z,CMG,1058090,registered,activating,2026-03-31,10-Q,New filing detected (cc_bridge)
2026-06-04T11:59:57Z,CMG,1058090,activating,failed_activation,2026-03-31,10-Q,score=0.20
2026-06-04T11:59:57Z,FFIV,1048695,registered,activating,2026-03-31,10-Q,New filing detected (cc_bridge)
2026-06-04T11:59:57Z,FFIV,1048695,activating,failed_activation,2026-03-31,10-Q,score=0.14
2026-06-04T11:59:57Z,FE,1031296,registered,activating,2026-03-31,10-Q,New filing detected (cc_bridge)
2026-06-04T11:59:57Z,FE,1031296,activating,failed_activation,2026-03-31,10-Q,score=0.28
2026-06-04T11:59:57Z,LH,920148,registered,activating,2026-03-31,10-Q,New filing detected (cc_bridge)
2026-06-04T11:59:57Z,LH,920148,activating,active_needs_review,2026-03-31,10-Q,score=0.40
2026-06-04T11:59:57Z,MCD,63908,registered,activating,2026-03-31,10-Q,New filing detected (cc_bridge)
2026-06-04T11:59:57Z,MCD,63908,activating,failed_activation,2026-03-31,10-Q,score=0.28
2026-06-04T11:59:57Z,TAP,24545,registered,activating,2026-03-31,10-Q,New filing detected (cc_bridge)
2026-06-04T11:59:57Z,TAP,24545,activating,failed_activation,2026-03-31,10-Q,score=0.34
2026-06-04T11:59:57Z,MSI,68505,registered,activating,2026-04-04,10-Q,New filing detected (cc_bridge)
2026-06-04T11:59:57Z,MSI,68505,activating,failed_activation,2026-04-04,10-Q,score=0.34
2026-06-04T11:59:57Z,NEE,753308,registered,activating,2026-03-31,10-Q,New filing detected (cc_bridge)
2026-06-04T11:59:57Z,NEE,753308,activating,failed_activation,2026-03-31,10-Q,score=0.32
2026-06-04T11:59:57Z,NI,1111711,registered,activating,2026-03-31,10-Q,New filing detected (cc_bridge)
2026-06-04T11:59:57Z,NI,1111711,activating,failed_activation,2026-03-31,10-Q,score=0.28
2026-06-04T11:59:57Z,OKE,1039684,registered,activating,2026-03-31,10-Q,New filing detected (cc_bridge)
2026-06-04T11:59:57Z,OKE,1039684,activating,failed_activation,2026-03-31,10-Q,score=0.34
2026-06-04T11:59:57Z,PCAR,75362,registered,activating,2026-03-31,10-Q,New filing detected (cc_bridge)
2026-06-04T11:59:57Z,PCAR,75362,activating,failed_activation,2026-03-31,10-Q,score=0.34
2026-06-04T11:59:57Z,PSKY,2041610,registered,activating,2026-03-31,10-Q,New filing detected (cc_bridge)
2026-06-04T11:59:57Z,PSKY,2041610,activating,failed_activation,2026-03-31,10-Q,score=0.32
2026-06-04T11:59:57Z,PCG,1004980,registered,activating,2026-03-31,10-Q,New filing detected (cc_bridge)
2026-06-04T11:59:57Z,PCG,1004980,activating,failed_activation,2026-03-31,10-Q,score=0.28
2026-06-04T11:59:58Z,PPL,922224,registered,activating,2026-03-31,10-Q,New filing detected (cc_bridge)
2026-06-04T11:59:58Z,PPL,922224,activating,failed_activation,2026-03-31,10-Q,score=0.28
2026-06-04T11:59:58Z,RTX,101829,registered,activating,2026-03-31,10-Q,New filing detected (cc_bridge)
2026-06-04T11:59:58Z,RTX,101829,activating,failed_activation,2026-03-31,10-Q,score=0.34
2026-06-04T11:59:58Z,RMD,943819,registered,activating,2026-03-31,10-Q,New filing detected (cc_bridge)
2026-06-04T11:59:58Z,RMD,943819,activating,failed_activation,2026-03-31,10-Q,score=0.14
2026-06-04T11:59:58Z,ROK,1024478,registered,activating,2026-03-31,10-Q,New filing detected (cc_bridge)
2026-06-04T11:59:58Z,ROK,1024478,activating,failed_activation,2026-03-31,10-Q,score=0.34
2026-06-04T11:59:58Z,SW,2005951,registered,activating,2026-03-31,10-Q,New filing detected (cc_bridge)
2026-06-04T11:59:58Z,SW,2005951,activating,active_needs_review,2026-03-31,10-Q,score=0.38
2026-06-04T11:59:58Z,SNA,91440,registered,activating,2026-04-04,10-Q,New filing detected (cc_bridge)
2026-06-04T11:59:58Z,SNA,91440,activating,failed_activation,2026-04-04,10-Q,score=0.34
2026-06-04T11:59:58Z,SOLV,1964738,registered,activating,2026-03-31,10-Q,New filing detected (cc_bridge)
2026-06-04T11:59:58Z,SOLV,1964738,activating,failed_activation,2026-03-31,10-Q,score=0.34
2026-06-04T11:59:58Z,SO,92122,registered,activating,2026-03-31,10-Q,New filing detected (cc_bridge)
2026-06-04T11:59:58Z,SO,92122,activating,failed_activation,2026-03-31,10-Q,score=0.28
2026-06-04T11:59:58Z,SBUX,829224,registered,activating,2026-03-29,10-Q,New filing detected (cc_bridge)
2026-06-04T11:59:58Z,SBUX,829224,activating,failed_activation,2026-03-29,10-Q,score=0.28
2026-06-04T11:59:58Z,SMCI,1375365,registered,activating,2026-03-31,10-Q,New filing detected (cc_bridge)
2026-06-04T11:59:58Z,SMCI,1375365,activating,active_needs_review,2026-03-31,10-Q,score=0.38
2026-06-04T11:59:58Z,SYY,96021,registered,activating,2026-03-28,10-Q,New filing detected (cc_bridge)
2026-06-04T11:59:58Z,SYY,96021,activating,failed_activation,2026-03-28,10-Q,score=0.34
2026-06-04T11:59:58Z,TER,97210,registered,activating,2026-03-29,10-Q,New filing detected (cc_bridge)
2026-06-04T11:59:58Z,TER,97210,activating,failed_activation,2026-03-29,10-Q,score=0.28
2026-06-04T11:59:58Z,TXN,97476,registered,activating,2026-03-31,10-Q,New filing detected (cc_bridge)
2026-06-04T11:59:58Z,TXN,97476,activating,failed_activation,2026-03-31,10-Q,score=0.34
2026-06-04T11:59:58Z,TSN,100493,registered,activating,2026-03-28,10-Q,New filing detected (cc_bridge)
2026-06-04T11:59:58Z,TSN,100493,activating,failed_activation,2026-03-28,10-Q,score=0.34
2026-06-04T11:59:58Z,VTRS,1792044,registered,activating,2026-03-31,10-Q,New filing detected (cc_bridge)
2026-06-04T11:59:58Z,VTRS,1792044,activating,failed_activation,2026-03-31,10-Q,score=0.34
2026-06-04T11:59:58Z,VST,1692819,registered,activating,2026-03-31,10-Q,New filing detected (cc_bridge)
2026-06-04T11:59:58Z,VST,1692819,activating,failed_activation,2026-03-31,10-Q,score=0.34
2026-06-04T11:59:58Z,DIS,1744489,registered,activating,2026-03-28,10-Q,New filing detected (cc_bridge)
2026-06-04T11:59:58Z,DIS,1744489,activating,failed_activation,2026-03-28,10-Q,score=0.34
2026-06-04T11:59:58Z,WBD,1437107,registered,activating,2026-03-31,10-Q,New filing detected (cc_bridge)
2026-06-04T11:59:58Z,WBD,1437107,activating,failed_activation,2026-03-31,10-Q,score=0.34
2026-06-04T11:59:58Z,WEC,783325,registered,activating,2026-03-31,10-Q,New filing detected (cc_bridge)
2026-06-04T11:59:58Z,WEC,783325,activating,failed_activation,2026-03-31,10-Q,score=0.34
2026-06-04T11:59:58Z,XEL,72903,registered,activating,2026-03-31,10-Q,New filing detected (cc_bridge)
2026-06-04T11:59:58Z,XEL,72903,activating,failed_activation,2026-03-31,10-Q,score=0.28
2026-06-04T11:59:58Z,ZBH,1136869,registered,activating,2026-03-31,10-Q,New filing detected (cc_bridge)
2026-06-04T11:59:58Z,ZBH,1136869,activating,failed_activation,2026-03-31,10-Q,score=0.28
2026-06-04T12:22:24Z,NVR,906163,registered,activating,2026-03-31,10-Q,New filing detected (cc_bridge)
2026-06-04T12:22:24Z,NVR,906163,activating,failed_activation,2026-03-31,10-Q,score=0.16
2026-06-04T12:22:24Z,TJX,109198,registered,activating,2026-05-02,10-Q,New filing detected (cc_bridge)
2026-06-04T12:22:24Z,TJX,109198,activating,failed_activation,2026-05-02,10-Q,score=0.16
2026-06-04T12:22:24Z,TT,1466258,registered,activating,2026-03-31,10-Q,New filing detected (cc_bridge)
2026-06-04T12:22:24Z,TT,1466258,activating,failed_activation,2026-03-31,10-Q,score=0.16
