ticker,issuer_name,cik,sector,status,archetype_guess,config_path,last_checked_at,last_filing_date_seen,last_processed_period,activation_fail_count,notes
MMM,3M,66740,Industrials,active,,/home/runner/work/sec-derivatives-/sec-derivatives-/profiles/mmm.yaml,2026-06-03T10:44:41Z,2026-03-31,,0,
AOS,A. O. Smith,91142,Industrials,active_needs_review,,/home/user/sec-derivatives-/profiles/aos.yaml,2026-06-04T11:59:57Z,2026-03-31,,0,
ABT,Abbott Laboratories,1800,Health Care,active_needs_review,,/home/runner/work/sec-derivatives-/sec-derivatives-/profiles/abt.yaml,2026-06-03T10:44:41Z,2026-03-31,,0,
ABBV,AbbVie,1551152,Health Care,active,,/home/runner/work/sec-derivatives-/sec-derivatives-/profiles/abbv.yaml,2026-06-03T10:44:41Z,2026-03-31,,0,
ACN,Accenture,1467373,Information Technology,active,,C:\Users\lukas\sec-derivatives\profiles\acn.yaml,2026-03-25T02:23:52Z,2026-02-28,,,
ADBE,Adobe Inc.,796343,Information Technology,active,,/home/runner/work/sec-derivatives-/sec-derivatives-/profiles/adbe.yaml,2026-06-03T10:44:41Z,2026-02-27,,0,
AMD,Advanced Micro Devices,2488,Information Technology,active_needs_review,,/home/runner/work/sec-derivatives-/sec-derivatives-/profiles/amd.yaml,2026-06-03T10:44:41Z,2026-03-28,,0,
AES,AES Corporation,874761,Utilities,active,,/home/runner/work/sec-derivatives-/sec-derivatives-/profiles/aes.yaml,2026-06-03T10:44:41Z,2026-03-31,,0,
A,Agilent Technologies,1090872,Health Care,active,,/home/runner/work/sec-derivatives-/sec-derivatives-/profiles/a.yaml,2026-06-03T10:44:41Z,2026-01-31,,0,
APD,Air Products,2969,Materials,active_needs_review,,/home/runner/work/sec-derivatives-/sec-derivatives-/profiles/apd.yaml,2026-06-03T10:44:41Z,2026-03-31,,0,
ABNB,Airbnb,1559720,Consumer Discretionary,active,,/home/runner/work/sec-derivatives-/sec-derivatives-/profiles/abnb.yaml,2026-06-03T10:44:41Z,2026-03-31,,0,
AKAM,Akamai Technologies,1086222,Information Technology,active,,/home/runner/work/sec-derivatives-/sec-derivatives-/profiles/akam.yaml,2026-06-03T10:44:41Z,2026-03-31,,0,
ALB,Albemarle Corporation,915913,Materials,active_needs_review,,/home/runner/work/sec-derivatives-/sec-derivatives-/profiles/alb.yaml,2026-06-03T10:44:41Z,2026-03-31,,0,
ALGN,Align Technology,1097149,Health Care,active,,/home/runner/work/sec-derivatives-/sec-derivatives-/profiles/algn.yaml,2026-06-03T10:44:41Z,2026-03-31,,0,
ALLE,Allegion,1579241,Industrials,active,,/home/runner/work/sec-derivatives-/sec-derivatives-/profiles/alle.yaml,2026-06-03T10:44:41Z,2026-03-31,,0,
LNT,Alliant Energy,352541,Utilities,active,,/home/runner/work/sec-derivatives-/sec-derivatives-/profiles/lnt.yaml,2026-06-03T10:44:41Z,2026-03-31,,0,
GOOGL,Alphabet Inc. (Class A),1652044,Communication Services,active,,/home/runner/work/sec-derivatives-/sec-derivatives-/profiles/googl.yaml,2026-06-03T10:44:41Z,2026-03-31,,0,
MO,Altria,764180,Consumer Staples,active,,/home/runner/work/sec-derivatives-/sec-derivatives-/profiles/mo.yaml,2026-06-03T10:44:41Z,2026-03-31,,0,
AMZN,Amazon,1018724,Consumer Discretionary,active,,/home/runner/work/sec-derivatives-/sec-derivatives-/profiles/amzn.yaml,2026-06-03T10:44:41Z,2026-03-31,,0,
AMCR,Amcor,1748790,Materials,active_needs_review,,/home/runner/work/sec-derivatives-/sec-derivatives-/profiles/amcr.yaml,2026-06-03T10:44:41Z,2026-03-31,,0,
AEE,Ameren,1002910,Utilities,active,,/home/runner/work/sec-derivatives-/sec-derivatives-/profiles/aee.yaml,2026-06-03T10:44:41Z,2026-03-31,,0,
AEP,American Electric Power,4904,Utilities,active,,/home/runner/work/sec-derivatives-/sec-derivatives-/profiles/aep.yaml,2026-06-03T10:44:41Z,2026-03-31,,0,
AWK,American Water Works,1410636,Utilities,active,,/home/runner/work/sec-derivatives-/sec-derivatives-/profiles/awk.yaml,2026-06-03T10:44:41Z,2026-03-31,,0,
AME,Ametek,1037868,Industrials,active,,/home/runner/work/sec-derivatives-/sec-derivatives-/profiles/ame.yaml,2026-06-03T10:44:41Z,2026-03-31,,0,
AMGN,Amgen,318154,Health Care,active,,/home/runner/work/sec-derivatives-/sec-derivatives-/profiles/amgn.yaml,2026-06-03T10:44:41Z,2026-03-31,,0,
APH,Amphenol,820313,Information Technology,active,,/home/runner/work/sec-derivatives-/sec-derivatives-/profiles/aph.yaml,2026-06-03T10:44:41Z,2026-03-31,,0,
ADI,Analog Devices,6281,Information Technology,active,,/home/runner/work/sec-derivatives-/sec-derivatives-/profiles/adi.yaml,2026-06-03T10:44:41Z,2026-05-02,,0,
APA,APA Corporation,1841666,Energy,active,,/home/runner/work/sec-derivatives-/sec-derivatives-/profiles/apa.yaml,2026-06-03T10:44:41Z,2026-03-31,,0,
AAPL,Apple Inc.,320193,Information Technology,active,,/home/runner/work/sec-derivatives-/sec-derivatives-/profiles/aapl.yaml,2026-06-03T10:44:41Z,2026-03-28,,0,
AMAT,Applied Materials,6951,Information Technology,active,,/home/runner/work/sec-derivatives-/sec-derivatives-/profiles/amat.yaml,2026-06-03T10:44:41Z,2026-04-26,,0,
APP,AppLovin,1751008,Information Technology,active,,/home/runner/work/sec-derivatives-/sec-derivatives-/profiles/app.yaml,2026-06-03T10:44:41Z,2026-03-31,,0,
APTV,Aptiv,1521332,Consumer Discretionary,active,,/home/runner/work/sec-derivatives-/sec-derivatives-/profiles/aptv.yaml,2026-06-03T10:44:41Z,2026-03-31,,0,
ADM,Archer Daniels Midland,7084,Consumer Staples,active,,/home/runner/work/sec-derivatives-/sec-derivatives-/profiles/adm.yaml,2026-06-03T10:44:41Z,2026-03-31,,0,
ANET,Arista Networks,1596532,Information Technology,active,,/home/runner/work/sec-derivatives-/sec-derivatives-/profiles/anet.yaml,2026-06-03T10:44:41Z,2026-03-31,,0,
T,AT&T,732717,Communication Services,active,,/home/runner/work/sec-derivatives-/sec-derivatives-/profiles/t.yaml,2026-06-03T10:44:41Z,2026-03-31,,0,
ATO,Atmos Energy,731802,Utilities,active,,/home/runner/work/sec-derivatives-/sec-derivatives-/profiles/ato.yaml,2026-06-03T10:44:41Z,2026-03-31,,0,
ADSK,Autodesk,769397,Information Technology,active,,/home/runner/work/sec-derivatives-/sec-derivatives-/profiles/adsk.yaml,2026-06-03T10:44:41Z,2026-01-31,,0,
ADP,Automatic Data Processing,8670,Industrials,active_needs_review,,/home/runner/work/sec-derivatives-/sec-derivatives-/profiles/adp.yaml,2026-06-03T10:44:41Z,2026-03-31,,0,
AZO,AutoZone,866787,Consumer Discretionary,active,,/home/runner/work/sec-derivatives-/sec-derivatives-/profiles/azo.yaml,2026-06-03T10:44:41Z,2026-02-14,,0,
AVY,Avery Dennison,8818,Materials,active_needs_review,,/home/runner/work/sec-derivatives-/sec-derivatives-/profiles/avy.yaml,2026-06-03T10:44:41Z,2026-03-31,,0,
AXON,Axon Enterprise,1069183,Industrials,active,,/home/runner/work/sec-derivatives-/sec-derivatives-/profiles/axon.yaml,2026-06-03T10:44:41Z,2026-03-31,,0,
BKR,Baker Hughes,1701605,Energy,active,,/home/runner/work/sec-derivatives-/sec-derivatives-/profiles/bkr.yaml,2026-06-03T10:44:41Z,2026-03-31,,0,
BALL,Ball Corporation,9389,Materials,active,,/home/runner/work/sec-derivatives-/sec-derivatives-/profiles/ball.yaml,2026-06-03T10:44:41Z,2026-03-31,,0,
BAX,Baxter International,10456,Health Care,active,,/home/runner/work/sec-derivatives-/sec-derivatives-/profiles/bax.yaml,2026-06-03T10:44:41Z,2026-03-31,,0,
BDX,Becton Dickinson,10795,Health Care,active_needs_review,,/home/runner/work/sec-derivatives-/sec-derivatives-/profiles/bdx.yaml,2026-06-03T10:44:41Z,2026-03-31,,0,
BBY,Best Buy,764478,Consumer Discretionary,active,,/home/runner/work/sec-derivatives-/sec-derivatives-/profiles/bby.yaml,2026-06-03T10:44:41Z,2026-01-31,,0,
TECH,Bio-Techne,842023,Health Care,active,,/home/runner/work/sec-derivatives-/sec-derivatives-/profiles/tech.yaml,2026-06-03T10:44:41Z,2026-03-31,,0,
BIIB,Biogen,875045,Health Care,active,,/home/runner/work/sec-derivatives-/sec-derivatives-/profiles/biib.yaml,2026-06-03T10:44:41Z,2026-03-31,,0,
BA,Boeing,12927,industrials,active,active_fx_commodity_hedger,profiles/boeing.yaml,2026-06-03T10:44:41Z,,,0,
BKNG,Booking Holdings,1075531,Consumer Discretionary,active,,/home/runner/work/sec-derivatives-/sec-derivatives-/profiles/bkng.yaml,2026-06-03T10:44:41Z,2026-03-31,,0,
BSX,Boston Scientific,885725,Health Care,active,,/home/runner/work/sec-derivatives-/sec-derivatives-/profiles/bsx.yaml,2026-06-03T10:44:41Z,2026-03-31,,0,
BMY,Bristol Myers Squibb,14272,Health Care,active,,/home/runner/work/sec-derivatives-/sec-derivatives-/profiles/bmy.yaml,2026-06-03T10:44:41Z,2026-03-31,,0,
AVGO,Broadcom,1730168,Information Technology,active,,/home/runner/work/sec-derivatives-/sec-derivatives-/profiles/avgo.yaml,2026-06-03T10:44:41Z,2026-02-01,,0,
BR,Broadridge Financial Solutions,1383312,Industrials,active,,/home/runner/work/sec-derivatives-/sec-derivatives-/profiles/br.yaml,2026-06-03T10:44:41Z,2026-03-31,,0,
BF.B,Brown–Forman,14693,Consumer Staples,active,,/home/runner/work/sec-derivatives-/sec-derivatives-/profiles/bf.b.yaml,2026-06-03T10:44:41Z,2026-01-31,,0,
BLDR,Builders FirstSource,1316835,Industrials,active,,/home/runner/work/sec-derivatives-/sec-derivatives-/profiles/bldr.yaml,2026-06-03T10:44:41Z,2026-03-31,,0,
BG,Bunge Global,1996862,Consumer Staples,active,,/home/runner/work/sec-derivatives-/sec-derivatives-/profiles/bg.yaml,2026-06-03T10:44:41Z,2026-03-31,,0,
CHRW,C.H. Robinson,1043277,Industrials,active,,/home/runner/work/sec-derivatives-/sec-derivatives-/profiles/chrw.yaml,2026-06-03T10:44:41Z,2026-03-31,,0,
CDNS,Cadence Design Systems,813672,Information Technology,active,,/home/runner/work/sec-derivatives-/sec-derivatives-/profiles/cdns.yaml,2026-06-03T10:44:41Z,2026-03-31,,0,
CPB,Campbell's Company (The),16732,Consumer Staples,active,,/home/runner/work/sec-derivatives-/sec-derivatives-/profiles/cpb.yaml,2026-06-03T10:44:41Z,2026-02-01,,0,
CAH,Cardinal Health,721371,Health Care,active,,/home/runner/work/sec-derivatives-/sec-derivatives-/profiles/cah.yaml,2026-06-03T10:44:41Z,2026-03-31,,0,
CCL,Carnival,815097,Consumer Discretionary,active,,/home/runner/work/sec-derivatives-/sec-derivatives-/profiles/ccl.yaml,2026-06-03T10:44:41Z,2026-02-28,,0,
CARR,Carrier Global,1783180,Industrials,active,,/home/runner/work/sec-derivatives-/sec-derivatives-/profiles/carr.yaml,2026-06-03T10:44:41Z,2026-03-31,,0,
CVNA,Carvana,1690820,Consumer Discretionary,active,,/home/runner/work/sec-derivatives-/sec-derivatives-/profiles/cvna.yaml,2026-06-03T10:44:41Z,2026-03-31,,0,
CAT,Caterpillar Inc.,18230,Industrials,active,,/home/runner/work/sec-derivatives-/sec-derivatives-/profiles/cat.yaml,2026-06-03T10:44:41Z,2026-03-31,,0,
CDW,CDW Corporation,1402057,Information Technology,active,,/home/user/sec-derivatives-/profiles/cdw.yaml,2026-06-04T11:59:57Z,2026-03-31,,0,
COR,Cencora,1140859,Health Care,active,,/home/runner/work/sec-derivatives-/sec-derivatives-/profiles/cor.yaml,2026-06-03T10:44:41Z,2026-03-31,,0,
CNC,Centene Corporation,1071739,Health Care,active,,/home/runner/work/sec-derivatives-/sec-derivatives-/profiles/cnc.yaml,2026-06-03T10:44:41Z,2026-03-31,,0,
CNP,CenterPoint Energy,1130310,Utilities,active,,/home/runner/work/sec-derivatives-/sec-derivatives-/profiles/cnp.yaml,2026-06-03T10:44:41Z,2026-03-31,,0,
CF,CF Industries,1324404,Materials,active,,/home/runner/work/sec-derivatives-/sec-derivatives-/profiles/cf.yaml,2026-06-03T10:44:41Z,2026-03-31,,0,
CRL,Charles River Laboratories,1100682,Health Care,active,,/home/runner/work/sec-derivatives-/sec-derivatives-/profiles/crl.yaml,2026-06-03T10:44:41Z,2026-03-28,,0,
CHTR,Charter Communications,1091667,Communication Services,active,,/home/runner/work/sec-derivatives-/sec-derivatives-/profiles/chtr.yaml,2026-06-03T10:44:41Z,2026-03-31,,0,
CVX,Chevron Corporation,93410,Energy,active,,/home/runner/work/sec-derivatives-/sec-derivatives-/profiles/cvx.yaml,2026-06-03T10:44:41Z,2026-03-31,,0,
CMG,Chipotle Mexican Grill,1058090,Consumer Discretionary,active,,profiles/cmg.yaml,2026-06-04T11:59:57Z,2026-03-31,,0,
CHD,Church & Dwight,313927,Consumer Staples,active_needs_review,,/home/runner/work/sec-derivatives-/sec-derivatives-/profiles/chd.yaml,2026-06-03T10:44:41Z,2026-03-31,,0,
CI,Cigna,1739940,Health Care,active,,/home/runner/work/sec-derivatives-/sec-derivatives-/profiles/ci.yaml,2026-06-03T10:44:41Z,2026-03-31,,0,
CTAS,Cintas,723254,Industrials,active,,/home/runner/work/sec-derivatives-/sec-derivatives-/profiles/ctas.yaml,2026-06-03T10:44:41Z,2026-02-28,,0,
CSCO,Cisco,858877,Information Technology,active,,/home/runner/work/sec-derivatives-/sec-derivatives-/profiles/csco.yaml,2026-06-03T10:44:41Z,2026-04-25,,0,
CLX,Clorox,21076,Consumer Staples,active,,/home/runner/work/sec-derivatives-/sec-derivatives-/profiles/clx.yaml,2026-06-03T10:44:41Z,2026-03-31,,0,
CMS,CMS Energy,811156,Utilities,active,,/home/runner/work/sec-derivatives-/sec-derivatives-/profiles/cms.yaml,2026-06-03T10:44:41Z,2026-03-31,,0,
KO,Coca-Cola Company (The),21344,Consumer Staples,active,,/home/runner/work/sec-derivatives-/sec-derivatives-/profiles/ko.yaml,2026-06-03T10:44:41Z,2026-04-03,,0,
CTSH,Cognizant,1058290,Information Technology,active,,/home/runner/work/sec-derivatives-/sec-derivatives-/profiles/ctsh.yaml,2026-06-03T10:44:41Z,2026-03-31,,0,
CL,Colgate-Palmolive,21665,Consumer Staples,active,,/home/runner/work/sec-derivatives-/sec-derivatives-/profiles/cl.yaml,2026-06-03T10:44:41Z,2026-03-31,,0,
CMCSA,Comcast,1166691,Communication Services,active,,/home/runner/work/sec-derivatives-/sec-derivatives-/profiles/cmcsa.yaml,2026-06-03T10:44:41Z,2026-03-31,,0,
FIX,Comfort Systems USA,1035983,Industrials,active,,/home/runner/work/sec-derivatives-/sec-derivatives-/profiles/fix.yaml,2026-06-03T10:44:41Z,2026-03-31,,0,
CAG,Conagra Brands,23217,Consumer Staples,active,,/home/runner/work/sec-derivatives-/sec-derivatives-/profiles/cag.yaml,2026-06-03T10:44:41Z,2026-02-22,,0,
COP,ConocoPhillips,1163165,Energy,active,,/home/runner/work/sec-derivatives-/sec-derivatives-/profiles/cop.yaml,2026-06-03T10:44:41Z,2026-03-31,,0,
ED,Consolidated Edison,1047862,Utilities,active,,/home/runner/work/sec-derivatives-/sec-derivatives-/profiles/ed.yaml,2026-06-03T10:44:41Z,2026-03-31,,0,
STZ,Constellation Brands,16918,Consumer Staples,active,,/home/runner/work/sec-derivatives-/sec-derivatives-/profiles/stz.yaml,2026-06-03T10:44:41Z,2026-02-28,,0,
CEG,Constellation Energy,1868275,Utilities,active,,/home/runner/work/sec-derivatives-/sec-derivatives-/profiles/ceg.yaml,2026-06-03T10:44:41Z,2026-03-31,,0,
COO,Cooper Companies (The),711404,Health Care,failed_activation,,,2026-06-10T09:08:13Z,2026-04-30,,1,
CPRT,Copart,900075,Industrials,active,,/home/runner/work/sec-derivatives-/sec-derivatives-/profiles/cprt.yaml,2026-06-03T10:44:41Z,2026-01-31,,0,
GLW,Corning Inc.,24741,Information Technology,active,,/home/runner/work/sec-derivatives-/sec-derivatives-/profiles/glw.yaml,2026-06-03T10:44:41Z,2026-03-31,,0,
CTVA,Corteva,1755672,Materials,active,,/home/runner/work/sec-derivatives-/sec-derivatives-/profiles/ctva.yaml,2026-06-03T10:44:41Z,2026-03-31,,0,
COST,Costco,909832,Consumer Staples,active,,/home/runner/work/sec-derivatives-/sec-derivatives-/profiles/cost.yaml,2026-06-03T10:44:41Z,2026-02-15,,0,
CTRA,Coterra,858470,Energy,active,,/home/runner/work/sec-derivatives-/sec-derivatives-/profiles/ctra.yaml,2026-06-03T10:44:41Z,2026-03-31,,0,
CRH,CRH plc,1782780,Materials,registered,,,2026-06-01T11:10:11Z,,,0,
CRWD,CrowdStrike,1535527,Information Technology,active,,/home/runner/work/sec-derivatives-/sec-derivatives-/profiles/crwd.yaml,2026-06-03T10:44:41Z,2026-01-31,,0,
CSX,CSX Corporation,277948,Industrials,active,,/home/runner/work/sec-derivatives-/sec-derivatives-/profiles/csx.yaml,2026-06-03T10:44:41Z,2026-03-31,,0,
CMI,Cummins,26172,Industrials,active,,/home/runner/work/sec-derivatives-/sec-derivatives-/profiles/cmi.yaml,2026-06-03T10:44:41Z,2026-03-31,,0,
CVS,CVS Health,64803,Health Care,active,,/home/runner/work/sec-derivatives-/sec-derivatives-/profiles/cvs.yaml,2026-06-03T10:44:41Z,2026-03-31,,0,
DHR,Danaher Corporation,313616,Health Care,active,,/home/runner/work/sec-derivatives-/sec-derivatives-/profiles/dhr.yaml,2026-06-03T10:44:41Z,2026-03-27,,0,
DRI,Darden Restaurants,940944,Consumer Discretionary,active,,/home/runner/work/sec-derivatives-/sec-derivatives-/profiles/dri.yaml,2026-06-03T10:44:41Z,2026-02-22,,0,
DDOG,Datadog,1561550,Information Technology,active,,/home/runner/work/sec-derivatives-/sec-derivatives-/profiles/ddog.yaml,2026-06-03T10:44:41Z,2026-03-31,,0,
DVA,DaVita,927066,Health Care,active,,/home/runner/work/sec-derivatives-/sec-derivatives-/profiles/dva.yaml,2026-06-03T10:44:41Z,2026-03-31,,0,
DECK,Deckers Brands,910521,Consumer Discretionary,active,,/home/runner/work/sec-derivatives-/sec-derivatives-/profiles/deck.yaml,2026-06-03T10:44:41Z,2026-03-31,,0,
DE,Deere & Company,315189,Industrials,active,,/home/runner/work/sec-derivatives-/sec-derivatives-/profiles/de.yaml,2026-06-03T10:44:41Z,2026-02-01,,0,
DELL,Dell Technologies,1571996,Information Technology,active,,/home/runner/work/sec-derivatives-/sec-derivatives-/profiles/dell.yaml,2026-06-03T10:44:41Z,2026-01-30,,0,
DAL,Delta Air Lines,27904,Industrials,active,,/home/runner/work/sec-derivatives-/sec-derivatives-/profiles/dal.yaml,2026-06-03T10:44:41Z,2026-03-31,,0,
DVN,Devon Energy,1090012,Energy,active,,/home/runner/work/sec-derivatives-/sec-derivatives-/profiles/dvn.yaml,2026-06-03T10:44:41Z,2026-03-31,,0,
DXCM,Dexcom,1093557,Health Care,active,,/home/runner/work/sec-derivatives-/sec-derivatives-/profiles/dxcm.yaml,2026-06-03T10:44:41Z,2026-03-31,,0,
FANG,Diamondback Energy,1539838,Energy,active,,/home/runner/work/sec-derivatives-/sec-derivatives-/profiles/fang.yaml,2026-06-03T10:44:41Z,2026-03-31,,0,
DG,Dollar General,29534,Consumer Staples,active,,/home/runner/work/sec-derivatives-/sec-derivatives-/profiles/dg.yaml,2026-06-03T10:44:41Z,2026-01-30,,0,
DLTR,Dollar Tree,935703,Consumer Staples,active,,/home/runner/work/sec-derivatives-/sec-derivatives-/profiles/dltr.yaml,2026-06-03T10:44:41Z,2026-01-31,,0,
D,Dominion Energy,715957,Utilities,active,,/home/runner/work/sec-derivatives-/sec-derivatives-/profiles/d.yaml,2026-06-03T10:44:41Z,2026-03-31,,0,
DPZ,Domino's,1286681,Consumer Discretionary,active,,/home/runner/work/sec-derivatives-/sec-derivatives-/profiles/dpz.yaml,2026-06-03T10:44:41Z,2026-03-22,,0,
DASH,DoorDash,1792789,Consumer Discretionary,active,,/home/runner/work/sec-derivatives-/sec-derivatives-/profiles/dash.yaml,2026-06-03T10:44:41Z,2026-03-31,,0,
DOV,Dover Corporation,29905,Industrials,active,,/home/runner/work/sec-derivatives-/sec-derivatives-/profiles/dov.yaml,2026-06-03T10:44:41Z,2026-03-31,,0,
DOW,Dow Inc.,1751788,Materials,active,,/home/runner/work/sec-derivatives-/sec-derivatives-/profiles/dow.yaml,2026-06-03T10:44:41Z,2026-03-31,,0,
DHI,D. R. Horton,882184,Consumer Discretionary,active,,/home/runner/work/sec-derivatives-/sec-derivatives-/profiles/dhi.yaml,2026-06-03T10:44:41Z,2026-03-31,,0,
DTE,DTE Energy,936340,Utilities,active,,/home/runner/work/sec-derivatives-/sec-derivatives-/profiles/dte.yaml,2026-06-03T10:44:41Z,2026-03-31,,0,
DUK,Duke Energy,1326160,Utilities,active,,/home/runner/work/sec-derivatives-/sec-derivatives-/profiles/duk.yaml,2026-06-03T10:44:41Z,2026-03-31,,0,
DD,DuPont,1666700,Materials,active,,/home/runner/work/sec-derivatives-/sec-derivatives-/profiles/dd.yaml,2026-06-03T10:44:41Z,2026-03-31,,0,
ETN,Eaton Corporation,1551182,Industrials,active_needs_review,,/home/runner/work/sec-derivatives-/sec-derivatives-/profiles/etn.yaml,2026-06-03T10:44:41Z,2026-03-31,,0,
EBAY,eBay Inc.,1065088,Consumer Discretionary,active,,/home/runner/work/sec-derivatives-/sec-derivatives-/profiles/ebay.yaml,2026-06-03T10:44:41Z,2026-03-31,,0,
ECL,Ecolab,31462,Materials,active,,/home/runner/work/sec-derivatives-/sec-derivatives-/profiles/ecl.yaml,2026-06-03T10:44:41Z,2026-03-31,,0,
EIX,Edison International,827052,Utilities,active,,/home/runner/work/sec-derivatives-/sec-derivatives-/profiles/eix.yaml,2026-06-03T10:44:41Z,2026-03-31,,0,
EW,Edwards Lifesciences,1099800,Health Care,active,,/home/runner/work/sec-derivatives-/sec-derivatives-/profiles/ew.yaml,2026-06-03T10:44:41Z,2026-03-31,,0,
EA,Electronic Arts,712515,Communication Services,active,,/home/runner/work/sec-derivatives-/sec-derivatives-/profiles/ea.yaml,2026-06-03T10:44:41Z,2026-03-31,,0,
ELV,Elevance Health,1156039,Health Care,active,,/home/runner/work/sec-derivatives-/sec-derivatives-/profiles/elv.yaml,2026-06-03T10:44:41Z,2026-03-31,,0,
EME,Emcor,1053507,Industrials,active,,/home/runner/work/sec-derivatives-/sec-derivatives-/profiles/eme.yaml,2026-06-03T10:44:41Z,2026-03-31,,0,
EMR,Emerson Electric,32604,Industrials,active,,/home/runner/work/sec-derivatives-/sec-derivatives-/profiles/emr.yaml,2026-06-03T10:44:41Z,2026-03-31,,0,
ETR,Entergy,65984,Utilities,active,,/home/runner/work/sec-derivatives-/sec-derivatives-/profiles/etr.yaml,2026-06-03T10:44:41Z,2026-03-31,,0,
EOG,EOG Resources,821189,Energy,active,,/home/runner/work/sec-derivatives-/sec-derivatives-/profiles/eog.yaml,2026-06-03T10:44:41Z,2026-03-31,,0,
EPAM,EPAM Systems,1352010,Information Technology,active,,/home/runner/work/sec-derivatives-/sec-derivatives-/profiles/epam.yaml,2026-06-03T10:44:41Z,2026-03-31,,0,
EQT,EQT Corporation,33213,Energy,active,,/home/runner/work/sec-derivatives-/sec-derivatives-/profiles/eqt.yaml,2026-06-03T10:44:41Z,2026-03-31,,0,
EFX,Equifax,33185,Industrials,active,,/home/runner/work/sec-derivatives-/sec-derivatives-/profiles/efx.yaml,2026-06-03T10:44:41Z,2026-03-31,,0,
EL,Estée Lauder Companies (The),1001250,Consumer Staples,active,,/home/runner/work/sec-derivatives-/sec-derivatives-/profiles/el.yaml,2026-06-03T10:44:41Z,2026-03-31,,0,
EVRG,Evergy,1711269,Utilities,active,,/home/runner/work/sec-derivatives-/sec-derivatives-/profiles/evrg.yaml,2026-06-03T10:44:41Z,2026-03-31,,0,
ES,Eversource Energy,72741,Utilities,active,,/home/runner/work/sec-derivatives-/sec-derivatives-/profiles/es.yaml,2026-06-03T10:44:41Z,2026-03-31,,0,
EXC,Exelon,1109357,Utilities,active,,/home/runner/work/sec-derivatives-/sec-derivatives-/profiles/exc.yaml,2026-06-03T10:44:41Z,2026-03-31,,0,
EXE,Expand Energy,895126,Energy,active,,/home/runner/work/sec-derivatives-/sec-derivatives-/profiles/exe.yaml,2026-06-03T10:44:41Z,2026-03-31,,0,
EXPE,Expedia Group,1324424,Consumer Discretionary,active,,/home/runner/work/sec-derivatives-/sec-derivatives-/profiles/expe.yaml,2026-06-03T10:44:41Z,2026-03-31,,0,
EXPD,Expeditors International,746515,Industrials,active,,/home/runner/work/sec-derivatives-/sec-derivatives-/profiles/expd.yaml,2026-06-03T10:44:41Z,2026-03-31,,0,
XOM,ExxonMobil,34088,Energy,active_needs_review,,/home/runner/work/sec-derivatives-/sec-derivatives-/profiles/xom.yaml,2026-06-03T10:44:41Z,2026-03-31,,0,
FFIV,"F5, Inc.",1048695,Information Technology,active,,profiles/ffiv.yaml,2026-06-04T11:59:57Z,2026-03-31,,0,
FICO,Fair Isaac,814547,Information Technology,active,,/home/runner/work/sec-derivatives-/sec-derivatives-/profiles/fico.yaml,2026-06-03T10:44:41Z,2026-03-31,,0,
FAST,Fastenal,815556,Industrials,active,,/home/runner/work/sec-derivatives-/sec-derivatives-/profiles/fast.yaml,2026-06-03T10:44:41Z,2026-03-31,,0,
FDX,FedEx,1048911,Industrials,active,,C:\Users\lukas\sec-derivatives\profiles\fdx.yaml,2026-03-25T02:23:52Z,2026-02-28,,,
FSLR,First Solar,1274494,Information Technology,active,,/home/runner/work/sec-derivatives-/sec-derivatives-/profiles/fslr.yaml,2026-06-03T10:44:41Z,2026-03-31,,0,
FE,FirstEnergy,1031296,Utilities,active,,profiles/fe.yaml,2026-06-04T11:59:57Z,2026-03-31,,0,
F,Ford Motor Company,37996,industrials,active,active_fx_commodity_hedger,profiles/f.yaml,2026-06-03T10:44:41Z,,,0,
FTNT,Fortinet,1262039,Information Technology,active,,/home/runner/work/sec-derivatives-/sec-derivatives-/profiles/ftnt.yaml,2026-06-03T10:44:41Z,2026-03-31,,0,
FTV,Fortive,1659166,Industrials,active_needs_review,,/home/runner/work/sec-derivatives-/sec-derivatives-/profiles/ftv.yaml,2026-06-03T10:44:41Z,2026-04-03,,0,
FOXA,Fox Corporation (Class A),1754301,Communication Services,active,,/home/runner/work/sec-derivatives-/sec-derivatives-/profiles/foxa.yaml,2026-06-03T10:44:41Z,2026-03-31,,0,
FCX,Freeport-McMoRan,831259,Materials,active,,/home/runner/work/sec-derivatives-/sec-derivatives-/profiles/fcx.yaml,2026-06-03T10:44:41Z,2026-03-31,,0,
GRMN,Garmin,1121788,Consumer Discretionary,active,,/home/runner/work/sec-derivatives-/sec-derivatives-/profiles/grmn.yaml,2026-06-03T10:44:41Z,2026-03-28,,0,
IT,Gartner,749251,Information Technology,active,,/home/runner/work/sec-derivatives-/sec-derivatives-/profiles/it.yaml,2026-06-03T10:44:41Z,2026-03-31,,0,
GE,GE Aerospace,40545,Industrials,active_needs_review,,/home/runner/work/sec-derivatives-/sec-derivatives-/profiles/ge.yaml,2026-06-03T10:44:41Z,2026-03-31,,0,
GEHC,GE HealthCare,1932393,Health Care,active,,/home/runner/work/sec-derivatives-/sec-derivatives-/profiles/gehc.yaml,2026-06-03T10:44:41Z,2026-03-31,,0,
GEV,GE Vernova,1996810,industrials,active,active_fx_commodity_hedger,profiles/gev.yaml,2026-06-03T10:44:41Z,,,0,
GEN,Gen Digital,849399,Information Technology,active,,/home/runner/work/sec-derivatives-/sec-derivatives-/profiles/gen.yaml,2026-06-03T10:44:41Z,2026-04-03,,0,
GNRC,Generac,1474735,Industrials,active,,/home/runner/work/sec-derivatives-/sec-derivatives-/profiles/gnrc.yaml,2026-06-03T10:44:41Z,2026-03-31,,0,
GD,General Dynamics,40533,Industrials,active,,/home/runner/work/sec-derivatives-/sec-derivatives-/profiles/gd.yaml,2026-06-03T10:44:41Z,2026-04-05,,0,
GIS,General Mills,40704,Consumer Staples,active,,/home/runner/work/sec-derivatives-/sec-derivatives-/profiles/gis.yaml,2026-06-03T10:44:41Z,2026-02-22,,1,
GM,General Motors,1467858,Consumer Discretionary,active,,/home/runner/work/sec-derivatives-/sec-derivatives-/profiles/gm.yaml,2026-06-03T10:44:41Z,2026-03-31,,0,
GPC,Genuine Parts Company,40987,Consumer Discretionary,active,,/home/runner/work/sec-derivatives-/sec-derivatives-/profiles/gpc.yaml,2026-06-03T10:44:41Z,2026-03-31,,0,
GILD,Gilead Sciences,882095,Health Care,active,,/home/runner/work/sec-derivatives-/sec-derivatives-/profiles/gild.yaml,2026-06-03T10:44:41Z,2026-03-31,,0,
GDDY,GoDaddy,1609711,Information Technology,active,,/home/runner/work/sec-derivatives-/sec-derivatives-/profiles/gddy.yaml,2026-06-03T10:44:41Z,2026-03-31,,0,
HAL,Halliburton,45012,Energy,active,,/home/runner/work/sec-derivatives-/sec-derivatives-/profiles/hal.yaml,2026-06-03T10:44:41Z,2026-03-31,,0,
HAS,Hasbro,46080,Consumer Discretionary,active,,/home/runner/work/sec-derivatives-/sec-derivatives-/profiles/has.yaml,2026-06-03T10:44:41Z,2026-03-29,,0,
HCA,HCA Healthcare,860730,Health Care,active,,/home/runner/work/sec-derivatives-/sec-derivatives-/profiles/hca.yaml,2026-06-03T10:44:41Z,2026-03-31,,0,
HSIC,Henry Schein,1000228,Health Care,active,,/home/runner/work/sec-derivatives-/sec-derivatives-/profiles/hsic.yaml,2026-06-03T10:44:41Z,2026-03-28,,0,
HSY,Hershey Company (The),47111,Consumer Staples,active,,/home/runner/work/sec-derivatives-/sec-derivatives-/profiles/hsy.yaml,2026-06-03T10:44:41Z,2026-03-29,,0,
HPE,Hewlett Packard Enterprise,1645590,Information Technology,active,,/home/runner/work/sec-derivatives-/sec-derivatives-/profiles/hpe.yaml,2026-06-03T10:44:41Z,2026-01-31,,0,
HLT,Hilton Worldwide,1585689,Consumer Discretionary,active,,/home/runner/work/sec-derivatives-/sec-derivatives-/profiles/hlt.yaml,2026-06-03T10:44:41Z,2026-03-31,,0,
HOLX,Hologic,859737,Health Care,registered,,,2026-06-01T11:10:11Z,,,0,
HD,Home Depot (The),354950,Consumer Discretionary,active,,/home/runner/work/sec-derivatives-/sec-derivatives-/profiles/hd.yaml,2026-06-03T10:44:41Z,2026-05-03,,0,
HON,Honeywell,773840,Industrials,active,,/home/runner/work/sec-derivatives-/sec-derivatives-/profiles/hon.yaml,2026-06-03T10:44:41Z,2026-03-31,,0,
HRL,Hormel Foods,48465,Consumer Staples,active,,/home/runner/work/sec-derivatives-/sec-derivatives-/profiles/hrl.yaml,2026-06-03T10:44:41Z,2026-04-26,,0,
HWM,Howmet Aerospace,4281,Industrials,active_needs_review,,/home/runner/work/sec-derivatives-/sec-derivatives-/profiles/hwm.yaml,2026-06-03T10:44:41Z,2026-03-31,,0,
HPQ,HP Inc.,47217,Information Technology,active,,/home/runner/work/sec-derivatives-/sec-derivatives-/profiles/hpq.yaml,2026-06-03T10:44:41Z,2026-04-30,,0,
HUBB,Hubbell Incorporated,48898,Industrials,active,,/home/runner/work/sec-derivatives-/sec-derivatives-/profiles/hubb.yaml,2026-06-03T10:44:41Z,2026-03-31,,0,
HUM,Humana,49071,Health Care,active,,/home/runner/work/sec-derivatives-/sec-derivatives-/profiles/hum.yaml,2026-06-03T10:44:41Z,2026-03-31,,0,
HII,Huntington Ingalls Industries,1501585,Industrials,active,,/home/runner/work/sec-derivatives-/sec-derivatives-/profiles/hii.yaml,2026-06-03T10:44:41Z,2026-03-31,,0,
IBM,IBM,51143,Information Technology,active,,/home/runner/work/sec-derivatives-/sec-derivatives-/profiles/ibm.yaml,2026-06-03T10:44:41Z,2026-03-31,,0,
IEX,IDEX Corporation,832101,Industrials,active,,/home/runner/work/sec-derivatives-/sec-derivatives-/profiles/iex.yaml,2026-06-03T10:44:41Z,2026-03-31,,0,
IDXX,Idexx Laboratories,874716,Health Care,active,,/home/runner/work/sec-derivatives-/sec-derivatives-/profiles/idxx.yaml,2026-06-03T10:44:41Z,2026-03-31,,0,
ITW,Illinois Tool Works,49826,Industrials,active,,/home/runner/work/sec-derivatives-/sec-derivatives-/profiles/itw.yaml,2026-06-03T10:44:41Z,2026-03-31,,0,
INCY,Incyte,879169,Health Care,active,,/home/runner/work/sec-derivatives-/sec-derivatives-/profiles/incy.yaml,2026-06-03T10:44:41Z,2026-03-31,,0,
IR,Ingersoll Rand,1699150,Industrials,active,,/home/runner/work/sec-derivatives-/sec-derivatives-/profiles/ir.yaml,2026-06-03T10:44:41Z,2026-03-31,,0,
PODD,Insulet Corporation,1145197,Health Care,active,,/home/runner/work/sec-derivatives-/sec-derivatives-/profiles/podd.yaml,2026-06-03T10:44:41Z,2026-03-31,,0,
INTC,Intel,50863,technology,active,active_ir_fx_hedger,profiles/intc.yaml,2026-06-03T10:44:41Z,,,0,
IFF,International Flavors & Fragrances,51253,Materials,active,,/home/runner/work/sec-derivatives-/sec-derivatives-/profiles/iff.yaml,2026-06-03T10:44:41Z,2026-03-31,,0,
IP,International Paper,51434,Materials,active,,/home/runner/work/sec-derivatives-/sec-derivatives-/profiles/ip.yaml,2026-06-03T10:44:41Z,2026-03-31,,0,
INTU,Intuit,896878,Information Technology,active,,/home/runner/work/sec-derivatives-/sec-derivatives-/profiles/intu.yaml,2026-06-03T10:44:41Z,2026-04-30,,0,
ISRG,Intuitive Surgical,1035267,Health Care,active,,/home/runner/work/sec-derivatives-/sec-derivatives-/profiles/isrg.yaml,2026-06-03T10:44:41Z,2026-03-31,,0,
IQV,IQVIA,1478242,Health Care,active,,/home/runner/work/sec-derivatives-/sec-derivatives-/profiles/iqv.yaml,2026-06-03T10:44:41Z,2026-03-31,,0,
JBHT,J.B. Hunt,728535,Industrials,active,,/home/runner/work/sec-derivatives-/sec-derivatives-/profiles/jbht.yaml,2026-06-03T10:44:41Z,2026-03-31,,0,
JBL,Jabil,898293,Information Technology,active,,/home/runner/work/sec-derivatives-/sec-derivatives-/profiles/jbl.yaml,2026-06-03T10:44:41Z,2026-02-28,,0,
J,Jacobs Solutions,52988,Industrials,active,,/home/runner/work/sec-derivatives-/sec-derivatives-/profiles/j.yaml,2026-06-03T10:44:41Z,2026-03-27,,0,
JNJ,Johnson & Johnson,200406,Health Care,active,,/home/runner/work/sec-derivatives-/sec-derivatives-/profiles/jnj.yaml,2026-06-03T10:44:41Z,2026-03-29,,0,
JCI,Johnson Controls,833444,Industrials,active_needs_review,,/home/runner/work/sec-derivatives-/sec-derivatives-/profiles/jci.yaml,2026-06-03T10:44:41Z,2026-03-31,,0,
KVUE,Kenvue,1944048,Consumer Staples,active,,/home/runner/work/sec-derivatives-/sec-derivatives-/profiles/kvue.yaml,2026-06-03T10:44:41Z,2026-03-29,,0,
KDP,Keurig Dr Pepper,1418135,Consumer Staples,active,,/home/runner/work/sec-derivatives-/sec-derivatives-/profiles/kdp.yaml,2026-06-03T10:44:41Z,2026-03-31,,0,
KEYS,Keysight Technologies,1601046,Information Technology,failed_activation,,,2026-06-10T09:08:13Z,2026-04-30,,1,
KMB,Kimberly-Clark,55785,Consumer Staples,active,,/home/runner/work/sec-derivatives-/sec-derivatives-/profiles/kmb.yaml,2026-06-03T10:44:41Z,2026-03-31,,0,
KMI,Kinder Morgan,1506307,Energy,active,,/home/runner/work/sec-derivatives-/sec-derivatives-/profiles/kmi.yaml,2026-06-03T10:44:41Z,2026-03-31,,0,
KLAC,KLA Corporation,319201,Information Technology,active,,/home/runner/work/sec-derivatives-/sec-derivatives-/profiles/klac.yaml,2026-06-03T10:44:41Z,2026-03-31,,0,
KHC,Kraft Heinz,1637459,Consumer Staples,active,,/home/runner/work/sec-derivatives-/sec-derivatives-/profiles/khc.yaml,2026-06-03T10:44:41Z,2026-03-28,,0,
KR,Kroger,56873,Consumer Staples,registered,,,2026-06-01T11:10:11Z,,,0,
LHX,L3Harris,202058,Industrials,active,,/home/runner/work/sec-derivatives-/sec-derivatives-/profiles/lhx.yaml,2026-06-03T10:44:41Z,2026-04-03,,0,
LH,Labcorp,920148,Health Care,active,,/home/user/sec-derivatives-/profiles/lh.yaml,2026-06-04T11:59:57Z,2026-03-31,,0,
LRCX,Lam Research,707549,Information Technology,active,,/home/runner/work/sec-derivatives-/sec-derivatives-/profiles/lrcx.yaml,2026-06-03T10:44:41Z,2026-03-29,,0,
LW,Lamb Weston,1679273,Consumer Staples,active,,/home/runner/work/sec-derivatives-/sec-derivatives-/profiles/lw.yaml,2026-06-03T10:44:41Z,2026-02-22,,0,
LVS,Las Vegas Sands,1300514,Consumer Discretionary,active,,/home/runner/work/sec-derivatives-/sec-derivatives-/profiles/lvs.yaml,2026-06-03T10:44:41Z,2026-03-31,,0,
LDOS,Leidos,1336920,Industrials,active,,/home/runner/work/sec-derivatives-/sec-derivatives-/profiles/ldos.yaml,2026-06-03T10:44:41Z,2026-04-03,,0,
LEN,Lennar,920760,Consumer Discretionary,active,,/home/runner/work/sec-derivatives-/sec-derivatives-/profiles/len.yaml,2026-06-03T10:44:41Z,2026-02-28,,0,
LII,Lennox International,1069202,Industrials,active_needs_review,,/home/runner/work/sec-derivatives-/sec-derivatives-/profiles/lii.yaml,2026-06-03T10:44:41Z,2026-03-31,,0,
LLY,Lilly (Eli),59478,Health Care,active,,/home/runner/work/sec-derivatives-/sec-derivatives-/profiles/lly.yaml,2026-06-03T10:44:41Z,2026-03-31,,0,
LIN,Linde plc,1707925,Materials,active,,/home/runner/work/sec-derivatives-/sec-derivatives-/profiles/lin.yaml,2026-06-03T10:44:41Z,2026-03-31,,0,
LYV,Live Nation Entertainment,1335258,Communication Services,active,,/home/runner/work/sec-derivatives-/sec-derivatives-/profiles/lyv.yaml,2026-06-03T10:44:41Z,2026-03-31,,0,
LMT,Lockheed Martin,936468,Industrials,active,,/home/runner/work/sec-derivatives-/sec-derivatives-/profiles/lmt.yaml,2026-06-03T10:44:41Z,2026-03-29,,0,
LOW,Lowe's,60667,Consumer Discretionary,active,,/home/runner/work/sec-derivatives-/sec-derivatives-/profiles/low.yaml,2026-06-03T10:44:41Z,2026-05-01,,0,
LULU,Lululemon Athletica,1397187,Consumer Discretionary,active,,/home/runner/work/sec-derivatives-/sec-derivatives-/profiles/lulu.yaml,2026-06-03T10:44:41Z,2026-02-01,,0,
LYB,LyondellBasell,1489393,Materials,active,,/home/runner/work/sec-derivatives-/sec-derivatives-/profiles/lyb.yaml,2026-06-03T10:44:41Z,2026-03-31,,0,
MPC,Marathon Petroleum,1510295,Energy,active,,/home/runner/work/sec-derivatives-/sec-derivatives-/profiles/mpc.yaml,2026-06-03T10:44:41Z,2026-03-31,,0,
MAR,Marriott International,1048286,Consumer Discretionary,active,,/home/runner/work/sec-derivatives-/sec-derivatives-/profiles/mar.yaml,2026-06-03T10:44:41Z,2026-03-31,,0,
MLM,Martin Marietta Materials,916076,Materials,active,,/home/runner/work/sec-derivatives-/sec-derivatives-/profiles/mlm.yaml,2026-06-03T10:44:41Z,2026-03-31,,0,
MAS,Masco,62996,Industrials,active,,/home/runner/work/sec-derivatives-/sec-derivatives-/profiles/mas.yaml,2026-06-03T10:44:41Z,2026-03-31,,0,
MTCH,Match Group,891103,Communication Services,active,,/home/runner/work/sec-derivatives-/sec-derivatives-/profiles/mtch.yaml,2026-06-03T10:44:41Z,2026-03-31,,0,
MKC,McCormick & Company,63754,Consumer Staples,active,,/home/runner/work/sec-derivatives-/sec-derivatives-/profiles/mkc.yaml,2026-06-03T10:44:41Z,2026-02-28,,0,
MCD,McDonald's,63908,Consumer Discretionary,active,,profiles/mcd.yaml,2026-06-04T11:59:57Z,2026-03-31,,0,
MCK,McKesson Corporation,927653,Health Care,active,,/home/runner/work/sec-derivatives-/sec-derivatives-/profiles/mck.yaml,2026-06-03T10:44:41Z,2026-03-31,,0,
MDT,Medtronic,1613103,Health Care,failed_activation,,,2026-06-19T09:08:39Z,2026-04-24,,1,
MRK,Merck & Co.,310158,healthcare,active,active_ir_fx_hedger,profiles/mrk.yaml,2026-06-03T10:44:41Z,,,0,
META,Meta Platforms,1326801,technology,active,minimal_hedger,profiles/meta.yaml,2026-06-03T10:44:41Z,,,0,
MTD,Mettler Toledo,1037646,Health Care,active,,/home/runner/work/sec-derivatives-/sec-derivatives-/profiles/mtd.yaml,2026-06-03T10:44:41Z,2026-03-31,,0,
MGM,MGM Resorts,789570,Consumer Discretionary,active,,/home/runner/work/sec-derivatives-/sec-derivatives-/profiles/mgm.yaml,2026-06-03T10:44:41Z,2026-03-31,,0,
MCHP,Microchip Technology,827054,Information Technology,active,,/home/user/sec-derivatives-/profiles/mchp.yaml,2026-06-03T15:37:51Z,2026-03-31,,0,
MU,Micron Technology,723125,Information Technology,active,,/home/runner/work/sec-derivatives-/sec-derivatives-/profiles/mu.yaml,2026-06-03T10:44:41Z,2026-02-26,,1,
MSFT,Microsoft,789019,Information Technology,active,,/home/user/sec-derivatives-/profiles/msft.yaml,2026-06-03T15:37:51Z,2026-03-31,,0,
MRNA,Moderna,1682852,Health Care,active,,/home/user/sec-derivatives-/profiles/mrna.yaml,2026-06-03T15:37:51Z,2026-03-31,,0,
MOH,Molina Healthcare,1179929,Health Care,active,,/home/user/sec-derivatives-/profiles/moh.yaml,2026-06-03T15:37:51Z,2026-03-31,,0,
TAP,Molson Coors Beverage Company,24545,Consumer Staples,active,,profiles/tap.yaml,2026-06-04T11:59:57Z,2026-03-31,,0,
MDLZ,Mondelez International,1103982,Consumer Staples,active,,/home/user/sec-derivatives-/profiles/mdlz.yaml,2026-06-03T15:37:51Z,2026-03-31,,0,
MPWR,Monolithic Power Systems,1280452,Information Technology,active,,/home/user/sec-derivatives-/profiles/mpwr.yaml,2026-06-03T15:37:51Z,2026-03-31,,0,
MNST,Monster Beverage,865752,Consumer Staples,active_needs_review,,/home/user/sec-derivatives-/profiles/mnst.yaml,2026-06-03T15:37:51Z,2026-03-31,,0,
MOS,Mosaic Company (The),1285785,Materials,active,,/home/user/sec-derivatives-/profiles/mos.yaml,2026-06-03T15:37:51Z,2026-03-31,,0,
MSI,Motorola Solutions,68505,Information Technology,active_needs_review,,profiles/msi.yaml,2026-06-04T11:59:57Z,2026-04-04,,0,
NTAP,NetApp,1002047,Information Technology,active,,/home/user/sec-derivatives-/profiles/ntap.yaml,2026-06-10T09:08:13Z,2026-04-24,,0,
NFLX,Netflix,1065280,Communication Services,active,,/home/runner/work/sec-derivatives-/sec-derivatives-/profiles/nflx.yaml,2026-06-03T10:44:41Z,2026-03-31,,0,
NEM,Newmont,1164727,Materials,active,,/home/user/sec-derivatives-/profiles/nem.yaml,2026-06-03T15:37:51Z,2026-03-31,,0,
NWSA,News Corp (Class A),1564708,Communication Services,active,,/home/user/sec-derivatives-/profiles/nwsa.yaml,2026-06-03T15:37:51Z,2026-03-31,,0,
NEE,NextEra Energy,753308,Utilities,active,,profiles/nee.yaml,2026-06-04T11:59:57Z,2026-03-31,,0,
NKE,"Nike, Inc.",320187,Consumer Discretionary,active,,/home/user/sec-derivatives-/profiles/nke.yaml,2026-06-03T15:37:51Z,2026-02-28,,0,
NI,NiSource,1111711,Utilities,active,,profiles/ni.yaml,2026-06-04T11:59:57Z,2026-03-31,,0,
NDSN,Nordson Corporation,72331,Industrials,active,,/home/user/sec-derivatives-/profiles/ndsn.yaml,2026-06-03T15:37:51Z,2026-04-30,,0,
NSC,Norfolk Southern,702165,Industrials,active,,/home/runner/work/sec-derivatives-/sec-derivatives-/profiles/nsc.yaml,2026-06-03T10:44:41Z,2026-03-31,,0,
NOC,Northrop Grumman,1133421,Industrials,active,,/home/user/sec-derivatives-/profiles/noc.yaml,2026-06-03T15:37:51Z,2026-03-31,,0,
NCLH,Norwegian Cruise Line Holdings,1513761,Consumer Discretionary,active,,/home/user/sec-derivatives-/profiles/nclh.yaml,2026-06-03T15:37:51Z,2026-03-31,,0,
NRG,NRG Energy,1013871,Utilities,active,,/home/user/sec-derivatives-/profiles/nrg.yaml,2026-06-03T15:37:51Z,2026-03-31,,0,
NUE,Nucor,73309,Materials,active,,/home/user/sec-derivatives-/profiles/nue.yaml,2026-06-03T15:37:51Z,2026-04-04,,0,
NVDA,Nvidia,1045810,Information Technology,active,,/home/user/sec-derivatives-/profiles/nvda.yaml,2026-06-03T15:37:51Z,2026-04-26,,0,
NVR,"NVR, Inc.",906163,Consumer Discretionary,failed_activation,,,2026-06-04T12:22:24Z,2026-03-31,,1,
NXPI,NXP Semiconductors,1413447,Information Technology,active_needs_review,,/home/user/sec-derivatives-/profiles/nxpi.yaml,2026-06-03T15:37:51Z,2026-03-29,,0,
ORLY,O’Reilly Automotive,898173,Consumer Discretionary,active,,/home/user/sec-derivatives-/profiles/orly.yaml,2026-06-03T15:37:51Z,2026-03-31,,0,
OXY,Occidental Petroleum,797468,Energy,active_needs_review,,/home/user/sec-derivatives-/profiles/oxy.yaml,2026-06-03T15:37:51Z,2026-03-31,,0,
ODFL,Old Dominion,878927,Industrials,active,,/home/user/sec-derivatives-/profiles/odfl.yaml,2026-06-03T15:37:51Z,2026-03-31,,0,
OMC,Omnicom Group,29989,Communication Services,active,,/home/user/sec-derivatives-/profiles/omc.yaml,2026-06-03T15:37:51Z,2026-03-31,,0,
ON,ON Semiconductor,1097864,Information Technology,active_needs_review,,/home/user/sec-derivatives-/profiles/on.yaml,2026-06-03T15:37:51Z,2026-04-03,,0,
OKE,Oneok,1039684,Energy,active,,profiles/oke.yaml,2026-06-04T11:59:57Z,2026-03-31,,0,
ORCL,Oracle Corporation,1341439,Information Technology,active,,C:\Users\lukas\sec-derivatives\profiles\orcl.yaml,2026-03-25T02:23:52Z,2026-02-28,,,
OTIS,Otis Worldwide,1781335,Industrials,active,,/home/user/sec-derivatives-/profiles/otis.yaml,2026-06-03T15:37:51Z,2026-03-31,,0,
PCAR,Paccar,75362,Industrials,active_needs_review,,profiles/pcar.yaml,2026-06-04T11:59:57Z,2026-03-31,,0,
PKG,Packaging Corporation of America,75677,Materials,active,,/home/user/sec-derivatives-/profiles/pkg.yaml,2026-06-03T15:37:51Z,2026-03-31,,0,
PLTR,Palantir Technologies,1321655,Information Technology,active_needs_review,,/home/user/sec-derivatives-/profiles/pltr.yaml,2026-06-03T15:37:51Z,2026-03-31,,0,
PANW,Palo Alto Networks,1327567,Information Technology,active_needs_review,,/home/user/sec-derivatives-/profiles/panw.yaml,2026-06-03T15:37:51Z,2026-04-30,,0,
PSKY,Paramount Skydance Corporation,2041610,Communication Services,active_needs_review,,profiles/psky.yaml,2026-06-04T11:59:57Z,2026-03-31,,0,
PH,Parker Hannifin,76334,Industrials,active_needs_review,,/home/user/sec-derivatives-/profiles/ph.yaml,2026-06-03T15:37:51Z,2026-03-31,,0,
PAYX,Paychex,723531,Industrials,active,,/home/runner/work/sec-derivatives-/sec-derivatives-/profiles/payx.yaml,2026-06-03T10:44:41Z,2026-02-28,,0,
PAYC,Paycom,1590955,Industrials,active_needs_review,,/home/user/sec-derivatives-/profiles/payc.yaml,2026-06-03T15:37:51Z,2026-03-31,,0,
PNR,Pentair,77360,Industrials,active_needs_review,,/home/user/sec-derivatives-/profiles/pnr.yaml,2026-06-03T15:37:51Z,2026-03-31,,0,
PEP,PepsiCo,77476,Consumer Staples,active,,/home/runner/work/sec-derivatives-/sec-derivatives-/profiles/pep.yaml,2026-06-03T10:44:41Z,2026-03-21,,0,
PFE,Pfizer,78003,Health Care,active_needs_review,,/home/user/sec-derivatives-/profiles/pfe.yaml,2026-06-03T15:37:51Z,2026-03-29,,0,
PCG,PG&E Corporation,1004980,Utilities,active_needs_review,,profiles/pcg.yaml,2026-06-04T11:59:57Z,2026-03-31,,0,
PM,Philip Morris International,1413329,consumer_staples,active,active_fx_commodity_hedger,profiles/pm.yaml,2026-06-03T10:44:41Z,,,0,
PSX,Phillips 66,1534701,Energy,active_needs_review,,/home/user/sec-derivatives-/profiles/psx.yaml,2026-06-03T15:37:51Z,2026-03-31,,0,
PNW,Pinnacle West Capital,764622,Utilities,active,,/home/user/sec-derivatives-/profiles/pnw.yaml,2026-06-03T15:37:51Z,2026-03-31,,0,
POOL,Pool Corporation,945841,Consumer Discretionary,active,,/home/user/sec-derivatives-/profiles/pool.yaml,2026-06-03T15:37:51Z,2026-03-31,,0,
PPG,PPG Industries,79879,Materials,active,,/home/user/sec-derivatives-/profiles/ppg.yaml,2026-06-03T15:37:51Z,2026-03-31,,0,
PPL,PPL Corporation,922224,Utilities,active_needs_review,,profiles/ppl.yaml,2026-06-04T11:59:58Z,2026-03-31,,0,
PG,Procter & Gamble,80424,Consumer Staples,active,,/home/runner/work/sec-derivatives-/sec-derivatives-/profiles/pg.yaml,2026-06-03T10:44:41Z,2026-03-31,,0,
PEG,Public Service Enterprise Group,788784,Utilities,active_needs_review,,/home/user/sec-derivatives-/profiles/peg.yaml,2026-06-03T15:37:51Z,2026-03-31,,0,
PTC,PTC Inc.,857005,Information Technology,active_needs_review,,/home/user/sec-derivatives-/profiles/ptc.yaml,2026-06-03T15:37:51Z,2026-03-31,,0,
PHM,PulteGroup,822416,Consumer Discretionary,active_needs_review,,/home/user/sec-derivatives-/profiles/phm.yaml,2026-06-03T15:37:51Z,2026-03-31,,0,
PWR,Quanta Services,1050915,Industrials,active_needs_review,,/home/user/sec-derivatives-/profiles/pwr.yaml,2026-06-03T15:37:51Z,2026-03-31,,0,
QCOM,Qualcomm,804328,Information Technology,active,,/home/user/sec-derivatives-/profiles/qcom.yaml,2026-06-03T15:37:51Z,2026-03-29,,0,
DGX,Quest Diagnostics,1022079,Health Care,active,,/home/user/sec-derivatives-/profiles/dgx.yaml,2026-06-04T09:25:16Z,2026-03-31,,0,
Q,Qnity Electronics,1700849,Information Technology,registered,,,2026-06-01T11:10:11Z,,,0,
RL,Ralph Lauren Corporation,1037038,Consumer Discretionary,active,,/home/user/sec-derivatives-/profiles/rl.yaml,2026-06-04T09:25:16Z,2026-03-28,,0,
RTX,RTX Corporation,101829,Industrials,active,,profiles/rtx.yaml,2026-06-04T11:59:58Z,2026-03-31,,0,
REGN,Regeneron Pharmaceuticals,872589,Health Care,active,,/home/user/sec-derivatives-/profiles/regn.yaml,2026-06-04T09:25:16Z,2026-03-31,,0,
RSG,Republic Services,1060391,Industrials,active,,/home/user/sec-derivatives-/profiles/rsg.yaml,2026-06-04T09:25:16Z,2026-03-31,,0,
RMD,ResMed,943819,Health Care,active,,profiles/rmd.yaml,2026-06-04T11:59:58Z,2026-03-31,,0,
RVTY,Revvity,31791,Health Care,active,,/home/user/sec-derivatives-/profiles/rvty.yaml,2026-06-04T09:25:16Z,2026-04-05,,0,
ROK,Rockwell Automation,1024478,Industrials,active,,profiles/rok.yaml,2026-06-04T11:59:58Z,2026-03-31,,0,
ROL,"Rollins, Inc.",84839,Industrials,active,,/home/user/sec-derivatives-/profiles/rol.yaml,2026-06-04T09:25:16Z,2026-03-31,,0,
ROP,Roper Technologies,882835,Information Technology,active_needs_review,,/home/user/sec-derivatives-/profiles/rop.yaml,2026-06-04T09:25:16Z,2026-03-31,,0,
ROST,Ross Stores,745732,Consumer Discretionary,active,,/home/user/sec-derivatives-/profiles/rost.yaml,2026-06-04T09:25:16Z,2026-05-02,,0,
RCL,Royal Caribbean Group,884887,Consumer Discretionary,active,,/home/user/sec-derivatives-/profiles/rcl.yaml,2026-06-04T09:25:16Z,2026-03-31,,0,
CRM,Salesforce,1108524,Information Technology,active,,/home/user/sec-derivatives-/profiles/crm.yaml,2026-06-04T09:25:16Z,2026-04-30,,0,
SLB,Schlumberger,87347,Energy,active_needs_review,,/home/user/sec-derivatives-/profiles/slb.yaml,2026-06-04T09:25:16Z,2026-03-31,,0,
STX,Seagate Technology,1137789,Information Technology,active,,/home/runner/work/sec-derivatives-/sec-derivatives-/profiles/stx.yaml,2026-06-03T10:44:41Z,2026-04-03,,0,
SRE,Sempra,1032208,Utilities,active_needs_review,,/home/user/sec-derivatives-/profiles/sre.yaml,2026-06-04T09:25:16Z,2026-03-31,,0,
NOW,ServiceNow,1373715,Information Technology,active,,/home/user/sec-derivatives-/profiles/now.yaml,2026-06-04T09:25:16Z,2026-03-31,,0,
SHW,Sherwin-Williams,89800,Materials,active_needs_review,,/home/user/sec-derivatives-/profiles/shw.yaml,2026-06-04T09:25:16Z,2026-03-31,,0,
SWKS,Skyworks Solutions,4127,Information Technology,active_needs_review,,/home/user/sec-derivatives-/profiles/swks.yaml,2026-06-04T09:25:16Z,2026-04-03,,0,
SJM,J.M. Smucker Company (The),91419,Consumer Staples,active,,/home/user/sec-derivatives-/profiles/sjm.yaml,2026-06-10T09:08:13Z,2026-04-30,,0,
SW,Smurfit Westrock,2005951,Materials,active_needs_review,,/home/user/sec-derivatives-/profiles/sw.yaml,2026-06-04T11:59:58Z,2026-03-31,,0,
SNA,Snap-on,91440,Industrials,active,,profiles/sna.yaml,2026-06-04T11:59:58Z,2026-04-04,,0,
SOLV,Solventum,1964738,Health Care,active,,profiles/solv.yaml,2026-06-04T11:59:58Z,2026-03-31,,0,
SO,Southern Company,92122,Utilities,active_needs_review,,profiles/so.yaml,2026-06-04T11:59:58Z,2026-03-31,,0,
LUV,Southwest Airlines,92380,Industrials,active,,/home/user/sec-derivatives-/profiles/luv.yaml,2026-06-04T09:25:16Z,2026-03-31,,0,
SWK,Stanley Black & Decker,93556,Industrials,active_needs_review,,/home/runner/work/sec-derivatives-/sec-derivatives-/profiles/swk.yaml,2026-06-03T10:44:41Z,2026-04-04,,0,
SBUX,Starbucks,829224,Consumer Discretionary,active,,profiles/sbux.yaml,2026-06-04T11:59:58Z,2026-03-29,,0,
STLD,Steel Dynamics,1022671,Materials,active,,/home/user/sec-derivatives-/profiles/stld.yaml,2026-06-04T09:25:16Z,2026-03-31,,0,
STE,Steris,1757898,Health Care,active,,/home/user/sec-derivatives-/profiles/ste.yaml,2026-06-04T09:25:16Z,2026-03-31,,0,
SYK,Stryker Corporation,310764,Health Care,active,,/home/user/sec-derivatives-/profiles/syk.yaml,2026-06-04T09:25:16Z,2026-03-31,,0,
SMCI,Supermicro,1375365,Information Technology,active,,/home/user/sec-derivatives-/profiles/smci.yaml,2026-06-04T11:59:58Z,2026-03-31,,0,
SNPS,Synopsys,883241,Information Technology,active,,/home/user/sec-derivatives-/profiles/snps.yaml,2026-06-04T09:25:16Z,2026-04-30,,0,
SYY,Sysco,96021,Consumer Staples,active_needs_review,,profiles/syy.yaml,2026-06-04T11:59:58Z,2026-03-28,,0,
TMUS,T-Mobile US,1283699,Communication Services,active_needs_review,,/home/user/sec-derivatives-/profiles/tmus.yaml,2026-06-04T09:25:17Z,2026-03-31,,0,
TTWO,Take-Two Interactive,946581,Communication Services,active_needs_review,,/home/user/sec-derivatives-/profiles/ttwo.yaml,2026-06-04T09:25:17Z,2026-03-31,,0,
TPR,"Tapestry, Inc.",1116132,Consumer Discretionary,active_needs_review,,/home/user/sec-derivatives-/profiles/tpr.yaml,2026-06-04T09:25:17Z,2026-03-28,,0,
TRGP,Targa Resources,1389170,Energy,active_needs_review,,/home/user/sec-derivatives-/profiles/trgp.yaml,2026-06-04T09:25:17Z,2026-03-31,,0,
TGT,Target Corporation,27419,Consumer Staples,active_needs_review,,/home/user/sec-derivatives-/profiles/tgt.yaml,2026-06-04T09:25:17Z,2026-05-02,,0,
TEL,TE Connectivity,1385157,Information Technology,active_needs_review,,/home/user/sec-derivatives-/profiles/tel.yaml,2026-06-04T09:25:17Z,2026-03-27,,0,
TDY,Teledyne Technologies,1094285,Information Technology,active_needs_review,,/home/runner/work/sec-derivatives-/sec-derivatives-/profiles/tdy.yaml,2026-06-03T10:44:41Z,2026-03-29,,0,
TER,Teradyne,97210,Information Technology,active_needs_review,,profiles/ter.yaml,2026-06-04T11:59:58Z,2026-03-29,,0,
TSLA,"Tesla, Inc.",1318605,Consumer Discretionary,active_needs_review,,/home/user/sec-derivatives-/profiles/tsla.yaml,2026-06-04T09:25:17Z,2026-03-31,,0,
TXN,Texas Instruments,97476,Information Technology,active_needs_review,,profiles/txn.yaml,2026-06-04T11:59:58Z,2026-03-31,,0,
TPL,Texas Pacific Land Corporation,1811074,Energy,active_needs_review,,/home/user/sec-derivatives-/profiles/tpl.yaml,2026-06-04T09:25:17Z,2026-03-31,,0,
TXT,Textron,217346,Industrials,active_needs_review,,/home/runner/work/sec-derivatives-/sec-derivatives-/profiles/txt.yaml,2026-06-03T10:44:41Z,2026-04-04,,0,
TMO,Thermo Fisher Scientific,97745,Health Care,active_needs_review,,/home/user/sec-derivatives-/profiles/tmo.yaml,2026-06-04T09:25:17Z,2026-03-28,,0,
TJX,TJX Companies,109198,Consumer Discretionary,failed_activation,,,2026-06-04T12:22:24Z,2026-05-02,,1,
TKO,TKO Group Holdings,1973266,Communication Services,active_needs_review,,/home/user/sec-derivatives-/profiles/tko.yaml,2026-06-04T09:25:17Z,2026-03-31,,0,
TTD,Trade Desk (The),1671933,Communication Services,active_needs_review,,/home/user/sec-derivatives-/profiles/ttd.yaml,2026-06-04T09:25:17Z,2026-03-31,,0,
TSCO,Tractor Supply,916365,Consumer Discretionary,active_needs_review,,/home/user/sec-derivatives-/profiles/tsco.yaml,2026-06-04T09:25:17Z,2026-03-28,,0,
TT,Trane Technologies,1466258,Industrials,failed_activation,,,2026-06-04T12:22:24Z,2026-03-31,,1,
TDG,TransDigm Group,1260221,Industrials,active,,/home/user/sec-derivatives-/profiles/tdg.yaml,2026-06-04T09:25:17Z,2026-03-28,,0,
TRMB,Trimble Inc.,864749,Information Technology,active_needs_review,,/home/user/sec-derivatives-/profiles/trmb.yaml,2026-06-04T09:25:17Z,2026-04-03,,0,
TYL,Tyler Technologies,860731,Information Technology,active_needs_review,,/home/user/sec-derivatives-/profiles/tyl.yaml,2026-06-04T09:25:17Z,2026-03-31,,0,
TSN,Tyson Foods,100493,Consumer Staples,active_needs_review,,profiles/tsn.yaml,2026-06-04T11:59:58Z,2026-03-28,,0,
UBER,Uber,1543151,Industrials,active_needs_review,,/home/user/sec-derivatives-/profiles/uber.yaml,2026-06-04T11:26:23Z,2026-03-31,,0,
ULTA,Ulta Beauty,1403568,Consumer Discretionary,active_needs_review,,/home/user/sec-derivatives-/profiles/ulta.yaml,2026-06-04T11:26:23Z,2026-05-02,,0,
UNP,Union Pacific Corporation,100885,Industrials,active_needs_review,,/home/user/sec-derivatives-/profiles/unp.yaml,2026-06-04T11:26:23Z,2026-03-31,,0,
UAL,United Airlines Holdings,100517,Industrials,active_needs_review,,/home/user/sec-derivatives-/profiles/ual.yaml,2026-06-04T11:26:23Z,2026-03-31,,0,
UPS,United Parcel Service,1090727,Industrials,active_needs_review,,/home/user/sec-derivatives-/profiles/ups.yaml,2026-06-04T11:26:23Z,2026-03-31,,0,
URI,United Rentals,1067701,Industrials,active_needs_review,,/home/user/sec-derivatives-/profiles/uri.yaml,2026-06-04T11:26:23Z,2026-03-31,,0,
UNH,UnitedHealth Group,731766,Health Care,active_needs_review,,/home/user/sec-derivatives-/profiles/unh.yaml,2026-06-04T11:26:23Z,2026-03-31,,0,
UHS,Universal Health Services,352915,Health Care,active_needs_review,,/home/user/sec-derivatives-/profiles/uhs.yaml,2026-06-04T11:26:23Z,2026-03-31,,0,
VLO,Valero Energy,1035002,Energy,active_needs_review,,/home/user/sec-derivatives-/profiles/vlo.yaml,2026-06-04T11:26:23Z,2026-03-31,,0,
VLTO,Veralto,1967680,Industrials,active_needs_review,,/home/runner/work/sec-derivatives-/sec-derivatives-/profiles/vlto.yaml,2026-06-03T10:44:41Z,2026-04-03,,0,
VRSN,Verisign,1014473,Information Technology,active_needs_review,,/home/user/sec-derivatives-/profiles/vrsn.yaml,2026-06-04T11:26:23Z,2026-03-31,,0,
VRSK,Verisk Analytics,1442145,Industrials,active_needs_review,,/home/user/sec-derivatives-/profiles/vrsk.yaml,2026-06-04T11:26:23Z,2026-03-31,,0,
VZ,Verizon,732712,Communication Services,active_needs_review,,/home/user/sec-derivatives-/profiles/vz.yaml,2026-06-04T11:26:23Z,2026-03-31,,0,
VRTX,Vertex Pharmaceuticals,875320,Health Care,active_needs_review,,/home/user/sec-derivatives-/profiles/vrtx.yaml,2026-06-04T11:26:23Z,2026-03-31,,0,
VTRS,Viatris,1792044,Health Care,active_needs_review,,profiles/vtrs.yaml,2026-06-04T11:59:58Z,2026-03-31,,0,
VST,Vistra Corp.,1692819,Utilities,active_needs_review,,profiles/vst.yaml,2026-06-04T11:59:58Z,2026-03-31,,0,
VMC,Vulcan Materials Company,1396009,Materials,active_needs_review,,/home/user/sec-derivatives-/profiles/vmc.yaml,2026-06-04T11:26:23Z,2026-03-31,,0,
GWW,W. W. Grainger,277135,Industrials,active_needs_review,,/home/user/sec-derivatives-/profiles/gww.yaml,2026-06-04T11:26:23Z,2026-03-31,,0,
WAB,Wabtec,943452,Industrials,active_needs_review,,/home/user/sec-derivatives-/profiles/wab.yaml,2026-06-04T11:26:23Z,2026-03-31,,0,
WMT,Walmart,104169,Consumer Staples,active_needs_review,,/home/user/sec-derivatives-/profiles/wmt.yaml,2026-06-04T11:26:23Z,2026-04-30,,0,
DIS,Walt Disney Company (The),1744489,Communication Services,active,,profiles/dis.yaml,2026-06-04T11:59:58Z,2026-03-28,,0,
WBD,Warner Bros. Discovery,1437107,Communication Services,active_needs_review,,profiles/wbd.yaml,2026-06-04T11:59:58Z,2026-03-31,,0,
WM,Waste Management,823768,Industrials,active_needs_review,,/home/user/sec-derivatives-/profiles/wm.yaml,2026-06-04T11:26:23Z,2026-03-31,,0,
WAT,Waters Corporation,1000697,Health Care,active_needs_review,,/home/user/sec-derivatives-/profiles/wat.yaml,2026-06-04T11:26:23Z,2026-04-04,,0,
WEC,WEC Energy Group,783325,Utilities,active_needs_review,,profiles/wec.yaml,2026-06-04T11:59:58Z,2026-03-31,,0,
WST,West Pharmaceutical Services,105770,Health Care,active_needs_review,,/home/user/sec-derivatives-/profiles/wst.yaml,2026-06-04T11:26:23Z,2026-03-31,,0,
WDC,Western Digital,106040,Information Technology,active_needs_review,,/home/user/sec-derivatives-/profiles/wdc.yaml,2026-06-04T11:26:23Z,2026-04-03,,0,
WSM,"Williams-Sonoma, Inc.",719955,Consumer Discretionary,active_needs_review,,/home/user/sec-derivatives-/profiles/wsm.yaml,2026-06-04T11:26:23Z,2026-05-03,,0,
WMB,Williams Companies,107263,Energy,active_needs_review,,/home/user/sec-derivatives-/profiles/wmb.yaml,2026-06-04T11:26:23Z,2026-03-31,,0,
WDAY,"Workday, Inc.",1327811,Information Technology,active_needs_review,,/home/user/sec-derivatives-/profiles/wday.yaml,2026-06-04T11:26:23Z,2026-04-30,,0,
WYNN,Wynn Resorts,1174922,Consumer Discretionary,active_needs_review,,/home/user/sec-derivatives-/profiles/wynn.yaml,2026-06-04T11:26:23Z,2026-03-31,,0,
XEL,Xcel Energy,72903,Utilities,active_needs_review,,profiles/xel.yaml,2026-06-04T11:59:58Z,2026-03-31,,0,
XYL,Xylem Inc.,1524472,Industrials,active_needs_review,,/home/user/sec-derivatives-/profiles/xyl.yaml,2026-06-04T11:26:23Z,2026-03-31,,0,
YUM,Yum! Brands,1041061,Consumer Discretionary,active_needs_review,,/home/user/sec-derivatives-/profiles/yum.yaml,2026-06-04T11:26:23Z,2026-03-31,,0,
ZBRA,Zebra Technologies,877212,Information Technology,active_needs_review,,/home/user/sec-derivatives-/profiles/zbra.yaml,2026-06-04T11:26:23Z,2026-04-04,,0,
ZBH,Zimmer Biomet,1136869,Health Care,active_needs_review,,profiles/zbh.yaml,2026-06-04T11:59:58Z,2026-03-31,,0,
ZTS,Zoetis,1555280,Health Care,active_needs_review,,/home/user/sec-derivatives-/profiles/zts.yaml,2026-06-04T11:26:23Z,2026-03-31,,0,
